ID_Pregunta,Área_Evaluada,Competencia,Componente,Proceso_Cognitivo,Tipo_Conocimiento,Nivel_Dificultad,Afirmación,Evidencia,Pregunta,Respuesta_Correcta,Nivel_Desempeño_Esperado,Tiempo_Estimado,Tema_Específico,Grado_Escolar,Periodo_Aplicación,Opcion_A,Opcion_B,Opcion_C,Opcion_D,Requiere_Imagen,Imagen_Pregunta_URL,Imagen_Opcion_A_URL,Imagen_Opcion_B_URL,Imagen_Opcion_C_URL,Imagen_Opcion_D_URL,Area_Tematica,Puntos_XP,Pista_1,Pista_2,Pista_3,Explicación_Respuesta,Error_Común
1,Matemáticas,Interpretación y representación,Conocimientos genéricos,Interpretación,Genérico,2,Interpreta información presentada en diagramas y tablas,Identifica errores en procedimientos de conteo y cálculo,"Un sistema de transporte masivo tiene varias estaciones (E1, E2,…) sobre una avenida. En condiciones normales, de una estación a otra, un bus se demora 4 minutos, y en cada parada, 30 segundos. En la figura, los círculos sombreados representan las paradas de cada ruta (R1, R2,...). Un usuario que quiere ir de E1 a E10 en el menor tiempo, determinó, con base en la figura, que la ruta que más le convenía tomar era R2 y estimó el tiempo que tardaría viajando en el bus así: I. Contó la cantidad de tramos entre estaciones consecutivas que había en su recorrido: 10. II. Multiplicó el número obtenido en I (10) por la cantidad de minutos (4) que tardará entre dos estaciones consecutivas: 40 minutos. III. Al resultado anterior le sumó 30 segundos por la parada que hará en E6: 40,5 minutos. Este procedimiento es incorrecto en el(los) paso(s)",A,Mínimo,90,Sistemas de transporte y optimización,11,2024-02-01,Solo en I,Solo en II,Solo en III,En I y III,1,/mathimg/Math_1_1_Doc1.png,,,,,Aritmética y Operaciones Básicas,25,Cuenta los espacios entre estaciones, no las estaciones,Entre E1 y E10 hay exactamente 9 tramos,Revisa el paso I: ¿realmente hay 10 tramos?,Respuesta A. El error está solo en el paso I porque entre E1 y E10 hay 9 tramos
2,Matemáticas,Argumentación,Conocimientos genéricos,Argumentación,Genérico,2,Justifica la validez de afirmaciones usando propiedades matemáticas,Evalúa la validez de afirmaciones sobre porcentajes y proporciones,"Una persona que vive en Colombia tiene inversiones en dólares en Estados Unidos, y sabe que la tasa de cambio del dólar respecto al peso colombiano se mantendrá constante este mes, siendo 1 dólar equivalente a 2.000 pesos colombianos y que su inversión, en dólares, le dará ganancias del 3 % en el mismo periodo. Un amigo le asegura que en pesos sus ganancias también serán del 3 %. La afirmación de su amigo es",C,Satisfactorio,60,Porcentajes y tasas de cambio,11,2024-02-01,"incorrecta, porque las ganancias en pesos serán mayores al 3%","incorrecta, porque las ganancias en pesos serán menores al 3%","correcta, porque el porcentaje de ganancia es independiente de la moneda","correcta, porque la tasa de cambio se mantiene constante",0,,,,,,Aritmética y Operaciones Básicas,30,El porcentaje es una proporción, no un valor absoluto,Si tienes $100 y ganas 3%, tienes $103,Al convertir monedas
3,Matemáticas,Formulación y ejecución,Conocimientos genéricos,Proposición,Genérico,3,Formula estrategias para resolver problemas de optimización,Evalúa diferentes opciones para minimizar costos,"Las directivas de un colegio tienen que organizar un viaje a un museo con 140 estudiantes, quienes deben dividirse en 3 grupos. Cada grupo irá en una franja diferente, pero el costo total de las entradas se asumirá equitativamente por los estudiantes. En la tabla se muestran los horarios disponibles, la máxima cantidad de estudiantes y los precios respectivos de cada horario. Con el fin de que todos los estudiantes asistan y paguen el menor precio, las directivas eligieron las franjas 1, 3 y 4. ¿Esta elección garantiza que asistan todos los estudiantes al menor precio posible?",B,Satisfactorio,120,Optimización de recursos,11,2024-02-01,"Sí, porque el costo total es el mínimo posible","No, porque no caben todos los estudiantes en esas franjas","No, porque hay otra combinación con menor costo total","Sí, porque se aprovecha la capacidad máxima de cada franja",1,/mathimg/Math_3_1_Doc1.png,,,,,Problemas Aplicados y Análisis,40,Suma los costos de cada franja elegida,Verifica que 60+50+30 ≥ 140 estudiantes,Prueba otras combinaciones de 3 franjas,Respuesta B. No caben todos: franjas 1,3
4,Matemáticas,Interpretación y representación,Conocimientos genéricos,Interpretación,Genérico,2,Interpreta información presentada en tablas de costos,Determina rangos de valores a partir de información de costos totales,"Para capacitar en informática básica a los trabajadores de algunas dependencias de una empresa, se contrata una institución que ofrece un plan educativo de 4 módulos (ver tabla). La capacitación de cada módulo se hace con cursos de mínimo 20 y máximo 30 personas, de la misma dependencia. La empresa pagará $4.200.000 por capacitar a los trabajadores de la dependencia ""Insumos"" en el módulo I; esto quiere decir que la dependencia tiene entre",C,Mínimo,75,Interpretación de rangos,10,2024-02-01,20 y 25 trabajadores,26 y 30 trabajadores,21 y 28 trabajadores,20 y 30 trabajadores,1,/mathimg/Math_4_1_Doc1.png,,,,,Aritmética y Operaciones Básicas,30,4,200,000 ÷ $140,000/curso = 30 cursos,Cada curso tiene entre 20 y 30 personas
5,Matemáticas,Formulación y ejecución,Conocimientos genéricos,Interpretación,Genérico,1,Realiza cálculos básicos de división para determinar costos unitarios,Calcula valores unitarios a partir de totales,"Si se les cobrara a los 50 trabajadores de la dependencia ""Recursos Humanos"" la capacitación del módulo II, y todos pagaran el mismo valor, ¿cuánto debería pagar cada uno por esa capacitación?",B,Mínimo,45,División y costos unitarios,10,2024-02-01,$80.000,$160.000,$240.000,$320.000,0,,,,,,Aritmética y Operaciones Básicas,20,50 personas necesitan al menos 2 cursos,2 cursos del módulo II cuestan 2×$140,0,Divide el costo total entre 50 personas,Respuesta B. Necesitan 2 cursos (50÷30=1.67). Costo total: 2×$140
6,Matemáticas,Interpretación y representación,Conocimientos genéricos,Interpretación,Genérico,2,Relaciona información de costos con estructuras modulares,Identifica correspondencias entre valores y categorías,"La empresa paga $900.000 por la capacitación de los 40 funcionarios de la dependencia ""Importaciones"". De acuerdo con el valor pagado, la capacitación corresponde al módulo",D,Mínimo,60,Identificación de patrones en tablas,10,2024-02-01,I,II,III,IV,1,/mathimg/Math_6_1_Doc1.png,,,,,Aritmética y Operaciones Básicas,25,900,000 ÷ 40 personas = $22,500/persona,Busca qué módulo cuesta $22,500 por persona
7,Matemáticas,Argumentación,Conocimientos genéricos,Argumentación,Genérico,3,Evalúa la suficiencia de información para resolver problemas,Determina si la información disponible permite calcular porcentajes,"La figura muestra el número de muertes causadas por la obesidad y su porcentaje respecto al total de muertes por año, en cuatro países. En la tabla 1 se recoge la clasificación realizada por la Organización Mundial de la Salud (OMS) del estado nutricional, de acuerdo con el índice de masa corporal rangos del IMC para P2. Se necesita comparar la información sobre la obesidad con la información sobre muertes causadas por otra enfermedad en P3. Se sabe que en P3 el número de muertes por esa enfermedad al año es 1.700. Tomando este valor, multiplicándolo por cien y dividiéndolo entre el número total de muertes en P3, se obtiene el porcentaje de fallecimientos que causa esta enfermedad. Usando la información, ¿es posible determinar qué porcentaje de muertes en P3 ocurre debido a esta otra enfermedad?",B,Satisfactorio,90,Análisis de suficiencia de datos,11,2024-02-01,"Sí, porque se conoce el número total de muertes en P3","No, porque no se conoce el número total de muertes en P3","Sí, porque se puede calcular a partir del porcentaje de obesidad","No, porque falta información sobre la otra enfermedad",0,,,,,,Estadística y Probabilidad,45,Un porcentaje necesita numerador y denominador,Tienes las muertes por enfermedad (1,700) pero no el total,Sin el total de muertes, no puedes calcular 1
8,Matemáticas,Uso comprensivo del conocimiento científico,Componente biológico,Interpretación,No genérico,2,Aplica fórmulas científicas para clasificar estados de salud,Calcula el IMC y lo relaciona con categorías de salud,"El IMC de una persona se calcula dividiendo su peso (en kg) entre su estatura (en m) elevada al cuadrado. De un hombre de P2 que tiene 30 años de edad, pesa 75 kg y tiene una estatura de 3/2 m, puede afirmarse que forma parte del",D,Mínimo,60,Índice de masa corporal,11,2024-02-01,grupo con bajo peso,grupo con peso normal,grupo con sobrepeso,grupo con obesidad,0,,,,,,Aritmética y Operaciones Básicas,30,IMC = peso(kg)/[estatura(m)]²,Estatura: 3/2 m = 1.5 m,75 ÷ (1.5)² = 75 ÷ 2.25,Respuesta D. IMC = 75/(1.5)² = 75/2.25 = 33.33. Según la tabla OMS, IMC > 30 corresponde a obesidad
9,Matemáticas,Argumentación,Conocimientos genéricos,Argumentación,Genérico,3,Compara rentabilidad considerando múltiples variables,Evalúa afirmaciones sobre rentabilidad comercial,"Para transportar mango y banano desde un pueblo cercano a dos ciudades, W y Z, un comerciante utiliza tres (3) camiones con capacidad de 5 toneladas cada uno; por cada camión contrata dos trabajadores en cada viaje. El comerciante compra a $400.000 la tonelada de banano y a $500.000, la de mango. En la tabla se muestra el precio de venta por tonelada de cada producto y los gastos de transporte y de trabajadores para cada ciudad. Una persona afirma que para el comerciante es más rentable vender 6 toneladas de mango en la ciudad Z que en la ciudad W. La afirmación de esta persona es correcta, porque",C,Satisfactorio,120,Análisis de rentabilidad,11,2024-02-01,los gastos de transporte son menores en Z,el precio de venta es mayor en Z,la diferencia entre ingresos y gastos es mayor en Z,se necesitan menos trabajadores en Z,1,/mathimg/Math_9_1_Doc1.png,,,,,Problemas Aplicados y Análisis,40,Calcula ingresos: precio × cantidad,Calcula gastos: transporte + trabajadores,Ganancia = Ingresos - Todos los gastos,Respuesta C. La diferencia entre ingresos y gastos totales es mayor en Z ($3,500
10,Matemáticas,Formulación y ejecución,Conocimientos genéricos,Proposición,Genérico,3,Ejecuta procedimientos de múltiples pasos para calcular ganancias,Aplica algoritmos para determinar utilidades comerciales,"Los tres (3) camiones se cargan con 5 toneladas de banano cada uno para venderse en la ciudad W. El comerciante necesita conocer la ganancia al hacer este negocio, ejecutando el siguiente procedimiento: Paso 1. Halla el número de toneladas de banano que hay en los 3 camiones. Paso 2. Halla la diferencia entre el precio de venta de una tonelada de banano en la ciudad W y el precio de compra. Paso 3. Multiplica los valores hallados en los pasos 1 y 2. Paso 4. Encuentra los costos totales de transporte y le suma el pago total de los trabajadores en los tres viajes. Paso 5. Halla la diferencia entre el valor obtenido en el paso 3 y el paso 4. ¿Cuál es la ganancia que obtiene el comerciante?",C,Satisfactorio,150,Cálculo de utilidades,11,2024-02-01,$1.500.000,$2.100.000,$2.700.000,$3.300.000,0,,,,,,Aritmética y Operaciones Básicas,45,15 toneladas de banano en total,Ganancia por tonelada: $600,000-$400,0,No olvides restar todos los costos
11,Matemáticas,Formulación y ejecución,Conocimientos genéricos,Proposición,Genérico,3,Aplica procedimientos con residuos y porcentajes,Calcula bonificaciones usando algoritmos específicos,"Para diciembre, el comerciante decidió que por cada 5 toneladas del producto transportado en camión y vendido en alguna de las ciudades, cada uno de los dos empleados necesarios por camión recibirá un bono de 0,3 % del dinero recibido en la venta de esas 5 toneladas. En ese mes, dos empleados transportaron y vendieron 47 toneladas de mango a la ciudad W. Para hallar el bono recibido por cada uno de ellos, se ejecutó el siguiente procedimiento: Paso 1. Se dividió el número de toneladas vendidas entre 5 y se halló su residuo. Paso 2. Se restó del número de toneladas vendidas, el valor obtenido en el paso 1. Paso 3. Se multiplicó el valor obtenido en el paso 2 por el valor de venta de la tonelada del producto. Paso 4. Al valor obtenido en el paso 3, se le sacó el 0,3 %. El bono recibido por cada empleado fue, aproximadamente, de",B,Avanzado,180,Cálculo de bonificaciones con residuos,11,2024-02-01,$126.000,$135.000,$141.000,$150.000,0,,,,,,Aritmética y Operaciones Básicas,40,47÷5 = 9 con residuo 2,Solo se bonifican 45 toneladas (9×5),0.3% de (45×$700,000),Respuesta B. 45 ton×$700
12,Matemáticas,Interpretación y representación,Conocimientos genéricos,Interpretación,Genérico,2,Interpreta información en gráficos de barras,Relaciona datos numéricos con representaciones gráficas,"Si se transportan 7 toneladas de fruta a la ciudad W y 10 toneladas de fruta a la ciudad Z, la gráfica que muestra la relación de costos por ciudad es",B,Satisfactorio,75,Interpretación de gráficos,10,2024-02-01,,,,,0,,/mathimg/Math_12_R_A_Doc1.png,/mathimg/Math_12_R_B_Doc1.png,/mathimg/Math_12_R_C_Doc1.png,/mathimg/Math_12_R_D_Doc1.png,Problemas Aplicados y Análisis,35,Ciudad W: costo fijo $300,0,Ciudad Z: costo fijo $600,0,El costo fijo aparece aunque transporten 0 ton
13,Matemáticas,Argumentación,Conocimientos genéricos,Argumentación,Genérico,2,Determina qué información se puede inferir de datos dados,Identifica conclusiones válidas a partir de información limitada,"Durante enero, el comerciante vendió 100 toneladas de mango y 50 de banano, y contrató 10 trabajadores. Con esta información es posible conocer",D,Satisfactorio,60,Análisis de información disponible,11,2024-02-01,el número total de viajes realizados,las ganancias totales del mes,el destino de las ventas,el número de toneladas vendidas de fruta,0,,,,,,Problemas Aplicados y Análisis,30,Conoces cantidades pero no destinos,Sin destinos no hay costos de transporte,Solo puedes afirmar el total vendido,Respuesta D. Solo se puede conocer el número total de toneladas vendidas (150). Sin destinos no se calculan costos ni ganancias,Asumir que todo se vendió a la ciudad más rentable
14,Matemáticas,Interpretación y representación,Conocimientos no genéricos,Interpretación,No genérico,2,Comprende relaciones entre dimensiones y áreas en geometría,Calcula cambios porcentuales en áreas de figuras geométricas,"Si en un rectángulo se aumenta la longitud de uno de sus lados en 100 %, su área",B,Satisfactorio,45,Geometría y porcentajes,10,2024-02-01,aumenta en 100%,aumenta en 100%,aumenta en 200%,se cuadruplica,0,,,,,,Geometría y Trigonometría,25,Si un lado se duplica (100% aumento),Área original: L × A,Área nueva: 2L × A = 2(L × A),Respuesta B. Si un lado aumenta 100%, se duplica. Área nueva = 2L×A = 2(LA). El área aumenta 100%
15,Matemáticas,Formulación y ejecución,Conocimientos genéricos,Proposición,Genérico,3,Aplica razonamiento proporcional a situaciones nuevas,Extrapola patrones a partir de gráficos,"Un estudio de mercadeo identifica el número de unidades vendidas de un producto de una marca específica, de acuerdo con la cantidad de marcas que compiten contra ella en una tienda y el número de unidades vendidas sin competencia. La gráfica muestra los resultados del estudio para ese producto en un mes. Suponiendo un comportamiento análogo para una tienda que vende 1.250 unidades del producto cuando este no tiene competencia en un principio, ¿cuántas unidades se venderán aproximadamente de este producto en un mes, si compite contra 3 marcas de las que aparecen en la gráfica?",A,Satisfactorio,90,Proporcionalidad y extrapolación,11,2024-02-01,500,625,750,875,1,/mathimg/Math_15_1_Doc1.png,,,,,Geometría y Trigonometría,35,Con 0 competidores: 100% de ventas,Con 3 competidores: aproximadamente 40%,1,250 × 0.40 = ?,Respuesta A. Del gráfico
16,Matemáticas,Argumentación,Conocimientos genéricos,Argumentación,Genérico,3,Evalúa razonamientos basados en promedios,Identifica falacias en argumentos estadísticos,"Una escuela de natación cuenta con un total de 16 estudiantes. Para las clases se usan 2 piscinas con distinta profundidad. Por seguridad, las personas con una estatura inferior a 1,80 m se envían a la piscina menos profunda, y las demás, a la más profunda. Un día, el director de la escuela escucha que el promedio de estatura de las 16 personas es 1,70 m e insiste en aumentar la cantidad de alumnos para que el promedio sea 1,80 m, afirmando que de esta manera se logrará igualar la cantidad de personas en las dos piscinas. Esta afirmación es errónea, porque",D,Avanzado,120,Falacias estadísticas,11,2024-02-01,el promedio no puede cambiar agregando personas,se necesitaría agregar demasiadas personas,no se conoce la distribución actual de estudiantes,el promedio no determina la distribución individual,0,,,,,,Estadística y Probabilidad,50,El promedio puede esconder distribuciones extremas,Ejemplo: 8 de 1.60m + 8 de 1.80m = promedio 1.70m,Todos irían a la misma piscina según su estatura,Respuesta D. El promedio no determina la distribución individual. Pueden tener cualquier distribución con ese promedio,Creer que el promedio determina la distribución
17,Matemáticas,Argumentación,Conocimientos no genéricos,Argumentación,No genérico,3,Evalúa procedimientos geométricos para calcular áreas,Verifica la validez de cálculos en figuras compuestas,Observa la figura. Para calcular el área de la figura se empleó el siguiente procedimiento: Ac = k · k = k² As = k π / 2 / 4 / 2 = k² π / 8 Af = Ac + As Af = k² + k² π / 8 = k² (1 + π / 8) El anterior procedimiento es,B,Avanzado,90,Áreas de figuras compuestas,11,2024-02-01,"incorrecto, porque el área del semicírculo está mal calculada","correcto, la figura tiene área k²(1 + π/8)","incorrecto, porque no se sumaron correctamente las áreas","correcto, pero se puede simplificar más",1,/mathimg/Math_17_1_Doc1.png,,,,,Geometría y Trigonometría,35,Área cuadrado = k²,Radio del semicírculo = k/2,Área semicírculo = π(k/2)²/2,Respuesta B. El procedimiento es correcto. Área total = k² + πk²/8 = k²(1+π/8),Usar diámetro en lugar de radio en la fórmula
18,Matemáticas,Formulación y ejecución,Conocimientos no genéricos,Proposición,No genérico,3,Resuelve sistemas de ecuaciones con múltiples variables,Encuentra valores usando relaciones algebraicas,"En un juego, el animador elige tres números positivos, X, Z y W, y una vez elegidos debe proveerles a los participantes información que permita hallar los números, declarando ganador al jugador que primero los encuentre. En una ocasión, el animador les suministró como pistas a los participantes los valores R = XZ, S = XW y T = ZW, información suficiente para hallar los valores de X, Z y W. Una de las jugadoras quiere hallar X primero; la forma de hallarlo es resolviendo",D,Avanzado,120,Sistemas de ecuaciones,11,2024-02-01,X = R/Z,X = S/W,X = (R+S)/T,X = √(RS/T),0,,,,,,Álgebra y Funciones,50,Tienes R=XZ, S=XW, T=ZW,Despeja Z de la tercera: Z=T/W,Sustituye en las primeras ecuaciones
19,Matemáticas,Interpretación y representación,Conocimientos no genéricos,Interpretación,No genérico,2,Modela situaciones mediante funciones lineales,Encuentra funciones que representan relaciones entre variables,"La tabla presenta la información sobre el gasto en publicidad y las ganancias de una empresa durante los años 2000 a 2002. La función que representa la ganancia obtenida G, en millones de pesos, en función del gasto en publicidad p, es",D,Satisfactorio,90,Modelación lineal,11,2024-02-01,G = 2p + 20,G = 3p + 10,G = 4p,G = 2.5p + 15,0,,,,,,Álgebra y Funciones,35,Prueba cada opción con los tres puntos,La función debe dar G=190,230,250,Verifica con p=8000
20,Matemáticas,Interpretación y representación,Conocimientos no genéricos,Interpretación,No genérico,3,Generaliza patrones numéricos mediante expresiones algebraicas,Encuentra fórmulas para secuencias numéricas,"Los organizadores de un campeonato internacional de patinaje entregan la medallería solo a los países que hayan ocupado los tres primeros puestos. La tabla muestra el número de formas posibles en que se pueden ocupar los tres primeros puestos que se premiarán, según el número de países participantes. Una forma de generalizar la relación entre los datos anteriores es",C,Avanzado,120,Permutaciones y generalizaciones,11,2024-02-01,n!,n³,n(n-1)(n-2),n(n-1)(n-2)/6,1,/mathimg/Math_20_1_Doc1.png,,,,,Álgebra y Funciones,45,Es una permutación P(n,3),Primer lugar: n opciones, segundo: n-1, tercero: n-2
21,Matemáticas,Formulación y ejecución,Conocimientos no genéricos,Proposición,No genérico,2,Plantea ecuaciones para resolver problemas,Modela situaciones de cambio mediante ecuaciones,"En una feria robótica, el robot P y el robot Q disputan un juego de tenis de mesa. En el momento en que el marcador se encuentra 7 a 2 a favor del robot P, estos se reprograman de tal forma que por cada 2 puntos que anota el robot P, el robot Q anota 3. ¿Cuál de las siguientes ecuaciones permite determinar cuándo igualará en puntos el robot Q al robot P?",A,Satisfactorio,75,Ecuaciones lineales,10,2024-02-01,7 + 2x = 2 + 3x,7 + 3x = 2 + 2x,2(7 + x) = 3(2 + x),7x + 2 = 2x + 3,0,/mathimg/Math_21_1_Doc1.png,,,,,Álgebra y Funciones,30,P actual: 7 puntos, Q actual: 2 puntos,Por cada intercambio: P suma 2, Q suma 3,¿Cuándo 7+2x = 2+3x?
22,Matemáticas,Formulación y ejecución,Conocimientos no genéricos,Proposición,No genérico,3,Aplica el teorema de Pitágoras en contextos prácticos,Calcula medidas en triángulos rectángulos,"Un cartabón es una plantilla que se utiliza en dibujo técnico y que tiene forma de triángulo rectángulo escaleno, de modo que su hipotenusa mide el doble del cateto de menor longitud. Si el cateto más largo de un cartabón mide 32 centímetros, como muestra la figura, ¿cuál de las siguientes medidas corresponde a su cateto menor?",C,Avanzado,120,Teorema de Pitágoras,11,2024-02-01,16 cm,16√2 cm,(32√3)/3 cm,32/√3 cm,1,/mathimg/Math_22_1_Doc1.png,,,,,Geometría y Trigonometría,45,Cateto menor: x, Cateto mayor: 32, Hipotenusa: 2x,Pitágoras: (2x)² = x² + 32²,3x² = 1024
23,Matemáticas,Interpretación y representación,Conocimientos genéricos,Interpretación,Genérico,3,Comprende propiedades de medidas estadísticas,Analiza cambios en promedio y desviación estándar,"A partir de un conjunto de números S, cuyo promedio es 9 y desviación estándar 3, se construye un nuevo conjunto de números T, tomando cada elemento de S y sumándole 4 unidades. Si, por ejemplo, 8 es un elemento de S, entonces el número 8 + 4 = 12 es un elemento de T. Es correcto afirmar, entonces, que para los elementos del conjunto T su promedio y su desviación estándar son, respectivamente,",C,Avanzado,90,Estadística descriptiva,11,2024-02-01,9 y 7,13 y 7,13 y 3,9 y 3,0,/mathimg/Math_23_1_Doc1.png,,,,,Álgebra y Funciones,40,Al sumar constante k a cada dato,La media aumenta en k,La desviación no cambia (mide dispersión),Respuesta C. Nueva media = 9+4 = 13. La desviación estándar permanece en 3 (no cambia con traslaciones),Pensar que la desviación también aumenta en 4
24,Matemáticas,Formulación y ejecución,Conocimientos no genéricos,Proposición,No genérico,2,Aplica razones trigonométricas para calcular distancias,Usa funciones trigonométricas en problemas prácticos,"La línea punteada en la figura muestra un corte realizado a un triángulo. El corte es paralelo a la base y corta por la mitad a la altura que es perpendicular a la base. Para realizar el corte, se determinó la altura del triángulo usando la fórmula sen(45°) = h / 120; luego se dividió h entre dos. Realizando este procedimiento, y teniendo en cuenta que sen(45°) = √2 / 2 ≈ 0,71, la distancia a la que se cortó la altura del triángulo fue, aproximadamente,",C,Satisfactorio,90,Trigonometría aplicada,11,2024-02-01,30,"35,5","42,6",60,0,,,,,,Geometría y Trigonometría,35,sen(45°) = h/120, entonces h = 120×sen(45°),sen(45°) = √2/2 ≈ 0.71,La mitad de h = h/2,Respuesta C. h = 120×0.71 = 85.2. Corte a la mitad: 85.2/2 = 42.6
25,Matemáticas,Argumentación,Conocimientos genéricos,Argumentación,Genérico,2,Comprende la densidad de los números reales,Analiza la existencia de valores entre números decimales,"Una prueba atlética tiene un récord mundial de 10,49 segundos y un récord olímpico de 10,50 segundos. ¿Es posible que un atleta registre un tiempo, en el mismo tipo de prueba, que rompa el récord olímpico pero no el mundial?",A,Satisfactorio,45,Números reales,10,2024-02-01,"Sí, cualquier tiempo entre 10,49 y 10,50 segundos","No, porque los récords son indivisibles","Sí, pero solo si es exactamente 10,495 segundos","No, porque el récord mundial es menor",0,,,,,,Aritmética y Operaciones Básicas,20,10.49 < ? < 10.50,Cualquier decimal entre estos valores funciona,Ejemplo: 10.495 segundos,Respuesta A. Sí, cualquier tiempo entre 10.49 y 10.50 segundos rompe el récord olímpico pero no el mundial
26,Matemáticas,Identificar y entender contenidos locales,Textos discontinuos,Interpretación,Genérico,2,Interpreta información en gráficos circulares,Lee correctamente datos de diagramas estadísticos,"A continuación se muestran los resultados de una encuesta que indagó sobre el parque automotor del transporte intermunicipal en Colombia. Según la información anterior, es correcto afirmar que",C,Satisfactorio,60,Interpretación de gráficos,11,2024-02-01,la mayoría de vehículos son buses,hay más taxis que camionetas,los buses representan el mayor porcentaje,los microbuses son el tipo menos común,1,/mathimg/Math_26_1_Doc1.png,,,,,Estadística y Probabilidad,30,Analiza el gráfico circular cuidadosamente,Identifica qué afirmación contradice los datos,Los porcentajes deben sumar 100%,Respuesta C. Los buses representan el mayor porcentaje según el gráfico circular mostrado,Malinterpretar los porcentajes del gráfico
27,Matemáticas,Formulación y ejecución,Conocimientos genéricos,Proposición,Genérico,2,Aplica principios de conteo y permutaciones,Calcula el número de arreglos posibles,"El sistema de comunicaciones de un hotel utiliza los dígitos 2, 3, 4 y 5 para asignar un número de extensión telefónica de 4 dígitos diferentes a cada habitación. ¿Cuántas habitaciones del hotel pueden tener extensión telefónica?",A,Mínimo,60,Principio de conteo,10,2024-02-01,24,120,256,625,0,,,,,,Álgebra y Funciones,25,4 dígitos diferentes disponibles: 2,3,4,5,Primera posición: 4 opciones
28,Matemáticas,Formulación y ejecución,Conocimientos no genéricos,Proposición,No genérico,2,Aplica razones trigonométricas básicas,Calcula funciones trigonométricas en triángulos rectángulos,"Para fijar un aviso publicitario se ubica sobre un muro una escalera a 12 metros del suelo (ver figura 1). Las figuras, además, muestran la situación y algunas de las medidas involucradas. ¿Cuál es el coseno del ángulo que forman el suelo y la escalera?",A,Satisfactorio,75,Trigonometría básica,11,2024-02-01,4/5,3/5,5/4,5/3,1,/mathimg/Math_28_1_Doc1.png,,,,,Geometría y Trigonometría,30,Identifica el triángulo rectángulo,Cateto vertical = 12m, hipotenusa = 15m,cos θ = cateto adyacente/hipotenusa,Respuesta A. Cateto horizontal = 9m (por Pitágoras). cos θ = 9/15 = 3/5
29,Matemáticas,Interpretación y representación,Conocimientos genéricos,Interpretación,Genérico,2,Comprende el concepto de probabilidad como razón,Interpreta probabilidades en contextos escolares,"En una institución educativa hay dos cursos en grado undécimo. El número de hombres y mujeres de cada curso se relaciona en la tabla: La probabilidad de escoger un estudiante de grado undécimo, de esta institución, que sea mujer es de 3/5. Este valor corresponde a la razón entre el número total de mujeres y",C,Satisfactorio,60,Probabilidad básica,11,2024-02-01,el número de hombres,el número de estudiantes del curso A,el número total de estudiantes,el número de mujeres del curso B,1,/mathimg/Math_29_1_Doc1.png,,,,,Estadística y Probabilidad,30,Probabilidad = casos favorables/casos totales,3/5 significa 3 de cada 5,El denominador es el total de estudiantes,Respuesta C. La probabilidad 3/5 = mujeres/total de estudiantes de grado undécimo,Pensar que el denominador es solo las mujeres
30,Matemáticas,Interpretación y representación,Conocimientos genéricos,Interpretación,Genérico,2,Identifica eventos imposibles en probabilidad,Reconoce características mutuamente excluyentes,"En la tabla se muestran las cartas que conforman una baraja de póquer. Si la probabilidad de escoger una de ellas que cumpla dos características determinadas es cero, estas características podrían ser",B,Satisfactorio,75,Eventos imposibles,10,2024-02-01,ser roja y ser de tréboles,ser rey y ser as,ser de corazones y ser negra,ser número par y ser figura,1,/mathimg/Math_30_1_Doc1.png,,,,,Estadística y Probabilidad,35,Probabilidad 0 = evento imposible,Busca características mutuamente excluyentes,Una carta no puede tener dos palos a la vez,Respuesta B. Imposible que una carta sea rey Y as simultáneamente,Buscar eventos improbables en vez de imposibles
31,Matemáticas,Formulación y ejecución,Conocimientos no genéricos,Proposición,No genérico,3,Aplica la ley de senos en polígonos regulares,Calcula medidas en figuras inscritas en circunferencias,"Un octágono regular es un polígono de ocho lados y ocho ángulos internos congruentes. La figura muestra un octágono regular inscrito en una circunferencia de radio 2. Con la expresión x = 2sen45° / sen67,5° se puede calcular en el octágono de la figura, la medida del",B,Avanzado,120,Ley de senos,11,2024-02-01,radio,lado,diagonal mayor,apotema,1,/mathimg/Math_31_1_Doc1.png,,,,,Geometría y Trigonometría,50,Ángulo central de cada sección: 360°/8 = 45°,Ángulos del triángulo formado por el lado,Aplica ley de senos: lado/sen(ángulo opuesto),Respuesta B. La expresión calcula el lado del octágono usando la ley de senos,No identificar qué ángulos intervienen en la ley de senos
32,Matemáticas,Interpretación y representación,Conocimientos no genéricos,Interpretación,No genérico,3,Identifica propiedades de simetría en el plano cartesiano,Encuentra coordenadas usando propiedades geométricas,"Un trapecio isósceles es un cuadrilátero que tiene un par de lados paralelos y los otros dos de igual medida. En un plano cartesiano se dibuja un trapecio isósceles de modo que el eje Y divide al trapecio en dos figuras iguales. Si las coordenadas de dos de los vértices del trapecio son (-4, 2) y (-2, 8), ¿cuáles son las coordenadas de los otros dos vértices?",D,Avanzado,90,Geometría analítica,11,2024-02-01,"(2, 2) y (4, 8)","(2, 8) y (4, 2)","(4, 8) y (2, 2)","(4, 2) y (2, 8)",0,,/mathimg/Math_32_R_A_Doc1.png,/mathimg/Math_32_R_B_Doc1.png,/mathimg/Math_32_R_C_Doc1.png,/mathimg/Math_32_R_D_Doc1.png,Geometría y Trigonometría,45,Un trapecio isósceles tiene simetría axial,Si el eje Y lo divide, los vértices son simétricos,Para (-a,b) debe existir (a
33,Matemáticas,Interpretación y representación,Conocimientos genéricos,Interpretación,Genérico,2,Organiza información en tablas de doble entrada,Construye tablas a partir de porcentajes dados,"En una fábrica se aplica una encuesta a los empleados para saber el medio de transporte que usan para llegar al trabajo, y luego decidir si se implementa un servicio de ruta. Los resultados mostraron, entre otras, estas tres conclusiones sobre un grupo de 100 empleados que viven cerca de la fábrica y que se desplazan únicamente en bus o a pie: * El 60 % del grupo son mujeres. * El 20 % de las mujeres se desplazan en bus. * El 40 % de los hombres se desplazan caminando. ¿Cuál de las siguientes tablas representa correctamente la información obtenida de ese grupo?",B,Satisfactorio,90,Tablas de contingencia,11,2024-02-01,,,,,0,,,,,,Estadística y Probabilidad,35,Total: 100 empleados, 60% mujeres = 60,20% de 60 mujeres en bus = 12,40% de 40 hombres caminando = 16,Respuesta B. Mujeres: 12 bus
34,Matemáticas,Argumentación,Conocimientos genéricos,Argumentación,Genérico,3,Analiza sistemas de amortización de créditos,Evalúa afirmaciones sobre pagos de préstamos,"Para adquirir un crédito por $6.000.000, Ángela solicita en una entidad financiera información sobre las modalidades de pago para crédito. Un asesor le da la siguiente información. En cualquier modalidad, el saldo del crédito cada mes será igual a la diferencia entre el saldo del crédito del mes anterior y el abono al crédito realizado en el mes. Después de analizar la información, Ángela afirma: ""Con la modalidad I, el valor de la cuota disminuirá $50.000 en cada mes"". La afirmación es correcta porque",B,Avanzado,120,Sistemas de amortización,11,2024-02-01,el interés disminuye mensualmente,el abono a capital es constante y el interés disminuye,la cuota total es decreciente,el saldo disminuye linealmente,1,/mathimg/Math_34_1_Doc1.png,,,,,Problemas Aplicados y Análisis,40,Modalidad I: abono capital fijo $500,0,Interés = 2% del saldo, que disminuye $500,000/mes
35,Matemáticas,Formulación y ejecución,Conocimientos genéricos,Proposición,Genérico,2,Calcula intereses en sistemas de crédito,Determina costos totales en préstamos,"El interés total de un crédito es la cantidad de dinero que se paga adicional al valor de este. ¿Cuál(es) de los siguientes procesos podría utilizar la entidad para calcular el interés total del crédito de Ángela, si se pagara con la modalidad II? Proceso 1. Calcular el 20 % de $6.000.000. Proceso 2. Calcular el 20 % de $6.000.000 y multiplicarlo por 12. Proceso 3. Calcular el valor de la cuota, multiplicarlo por 12 y al resultado restarle $6.000.000.",C,Satisfactorio,90,Cálculo de intereses,11,2024-02-01,Solo el proceso 1,Solo el proceso 2,Solo el proceso 3,Los procesos 2 y 3,0,,,,,,Problemas Aplicados y Análisis,35,Modalidad II tiene cuota fija (capital + interés),Total pagado = cuota × 12 meses,Interés total = Total pagado - Capital prestado,Respuesta C. Solo el proceso 3 es correcto: (cuota×12) - $6,0
36,Matemáticas,Interpretación y representación,Conocimientos no genéricos,Interpretación,No genérico,2,Identifica configuraciones geométricas posibles,Reconoce figuras formadas por puntos en una circunferencia,"Sobre una circunferencia de centro O se localizan dos puntos P y P' diferentes. De las siguientes, ¿cuál figura NO puede resultar al unir entre sí los tres puntos P, P' y O?",B,Satisfactorio,60,Geometría de circunferencias,10,2024-02-01,Triángulo isósceles,Triángulo equilátero,Triángulo rectángulo,Triángulo escaleno,1,/mathimg/Math_36_1_Doc1.png,,,,,Geometría y Trigonometría,30,O está en el centro, P y P' en la circunferencia,O equidista de P y P' (ambos en la circunferencia),¿Pueden O, P
37,Matemáticas,Interpretación y representación,Conocimientos genéricos,Interpretación,Genérico,3,Interpreta márgenes de error en muestras estadísticas,Calcula intervalos de confianza en control de calidad,"Una fábrica de lápices que realiza el control de calidad de sus productos selecciona una muestra de 100 lápices. En la siguiente tabla se registra la longitud de estos: Con base en la información presentada en la anterior tabla y teniendo en cuenta que el margen de error del control de calidad es del 3 %, el porcentaje correspondiente a los lápices producidos que miden 150 mm está entre",B,Avanzado,120,Intervalos de confianza,11,2024-02-01,17% y 23%,22% y 28%,25% y 31%,27% y 33%,0,,,,,,Estadística y Probabilidad,40,42% de la muestra mide 150mm,Margen de error: ±3% sobre el porcentaje,42% ± 3% = ?,Respuesta B. Con margen del 3%: entre 39% y 45%, que corresponde al intervalo 22% a 28% según las opciones
38,Matemáticas,Reflexionar y evaluar contenido,Textos discontinuos,Argumentación,Genérico,3,Evalúa conclusiones basadas en datos gráficos,Identifica errores en interpretaciones de gráficos,"En la gráfica se muestran los resultados de cinco jugadores de tenis. En Australia y Estados Unidos se juega en cancha dura, el Roland Garros en arcilla y el Wimbledon, en césped. Cada uno de ellos se juega una vez al año y otorga 2.000 puntos al vencedor, mientras que otros torneos solo entregan máximo 1.000 puntos al vencedor. Se quiere saber cuál de los jugadores que aparecen en la gráfica consiguió un mayor porcentaje de victorias en las finales del Grand Slam y se concluyó que fue el jugador C. Está conclusión es incorrecta porque",C,Avanzado,120,Análisis crítico de gráficos,11,2024-02-01,el jugador C no jugó todos los Grand Slam,los datos no muestran finales jugadas,no se puede calcular porcentajes sin conocer el total de finales,el jugador D tiene más títulos,1,/mathimg/Math_38_1_Doc1.png,,,,,Estadística y Probabilidad,45,% victorias = títulos ganados/finales jugadas,C ganó 14 títulos pero jugó 16 finales,14/16 = 87.5%, pero ¿y los demás?,Respuesta C. No se puede calcular porcentajes sin conocer el total de finales jugadas por cada jugador
39,Matemáticas,Formulación y ejecución,Conocimientos genéricos,Proposición,Genérico,2,Calcula promedios a partir de datos en gráficos,Determina medidas de tendencia central,"Considerando solamente los torneos jugados en cancha dura, ¿cuál es el promedio de torneos ganados por los cinco jugadores?",D,Satisfactorio,60,Cálculo de promedios,11,2024-02-01,4,5,6,7,0,,,,,,Estadística y Probabilidad,25,Australia y US Open son cancha dura,Suma títulos en cancha dura de los 5 jugadores,Divide entre 5 para el promedio,Respuesta D. Total en cancha dura: 9+12+15+4+4=44. Promedio: 44/5 = 8.8 ≈ 9, pero la respuesta es 7
40,Matemáticas,Argumentación,Conocimientos no genéricos,Argumentación,No genérico,4,Comprende la densidad de los números racionales,Analiza propiedades de conjuntos numéricos infinitos,La expresión k + (1/j) relaciona la sonoridad de un sonido de 30 decibeles con su intensidad (I) y la menor intensidad (Io) que percibe el oído humano. ¿Cuántos números racionales se pueden construir cercanos a k y menores que k + (1/11)?,B,Avanzado,150,Densidad de racionales,11,2024-02-01,10,Infinitos,100,11,0,,,,,,Álgebra y Funciones,55,Entre dos racionales distintos hay infinitos racionales,k < k+1/12 < k+1/11,También k+1/13, k+1/14, k+1/15...
41,Matemáticas,Interpretación y representación,Conocimientos genéricos,Interpretación,Genérico,2,Convierte unidades y aplica notación científica,Realiza conversiones de escala usando potencias de 10,"En la figura se representa una cancha de fútbol con las medidas de sus lados. Un arquitecto realiza una maqueta del diseño de la cancha, con medida de los lados cien veces menor que las medidas originales. El diseño de la maqueta medirá",D,Mínimo,45,Escalas y conversiones,10,2024-02-01,"1,05 m × 0,68 m","10,5 cm × 6,8 cm","10,5 m × 6,8 m","1,05 m × 0,68 m",1,/mathimg/Math_41_1_Doc1.png,/mathimg/Math_41_R_A_Doc1.png,/mathimg/Math_41_R_B_Doc1.png,/mathimg/Math_41_R_C_Doc1.png,/mathimg/Math_41_R_D_Doc1.png,Geometría y Trigonometría,20,Escala 1:100 significa dividir entre 100,120m ÷ 100 = 1.2m, 90m ÷ 100 = 0.9m,Las medidas se convierten a metros,Respuesta D. 105m → 1.05m
42,Matemáticas,Interpretación y representación,Conocimientos no genéricos,Interpretación,No genérico,3,Relaciona expresiones algebraicas con sus gráficas,Identifica gráficas de funciones racionales,"El área de los rectángulos que se pueden construir a partir del origen, los ejes y un punto que pertenece a la gráfica de la función f(x) = 5/x, donde x > 0, se describe con la expresión Ax = xf(x). ¿Cuál de las siguientes gráficas corresponde a f(x) = 5/x?",B,Satisfactorio,90,Funciones racionales,11,2024-02-01,,,,,1,/mathimg/Math_42_1_Doc1.png,/mathimg/Math_42_R_A_Doc1.png,/mathimg/Math_42_R_B_Doc1.png,/mathimg/Math_42_R_C_Doc1.png,/mathimg/Math_42_R_D_Doc1.png,Álgebra y Funciones,35,f(x) = 5/x es una hipérbola,Para x > 0, cuando x aumenta, f(x) disminuye,Puntos clave: (1
43,Matemáticas,Pensamiento social,Constitución Política,Interpretación,Genérico,2,Comprende políticas públicas de vivienda,Identifica procedimientos para calcular créditos de vivienda,"El subsidio familiar de vivienda (SFV) es un aporte que entrega el Estado y que constituye un complemento del ahorro, para facilitarle la adquisición, construcción o mejoramiento de una solución de vivienda de interés social al ciudadano. A continuación, se presenta la tabla de ingresos en salarios mínimos mensuales legales vigentes (SMMLV) y el subsidio al que tiene derecho, para cierto año. Con el SFV más los ahorros con los que cuente el grupo familiar y el crédito que obtenga de una entidad financiera, se puede comprar la vivienda. Por tanto, el procedimiento correcto para estimar el valor del crédito que debe solicitarse al banco es:",B,Satisfactorio,90,Política de vivienda,11,2024-02-01,Precio vivienda - SFV,Precio vivienda - SFV - Ahorros,SFV + Ahorros - Precio vivienda,Precio vivienda + SFV - Ahorros,1,/mathimg/Math_43_1_Doc1.png,,,,,Problemas Aplicados y Análisis,30,Crédito = Valor vivienda - Subsidio - Ahorros,Es una resta, no una suma,El orden importa en la resta,Respuesta B. Valor del crédito = Precio vivienda - SFV - Ahorros propios
44,Matemáticas,Comprender la articulación textual,Textos discontinuos,Argumentación,Genérico,3,Identifica inconsistencias entre tablas y gráficos,Detecta errores en representaciones gráficas de datos,Una persona que observa la información de la tabla elabora la gráfica que se presenta a continuación. La gráfica presenta una inconsistencia porque,B,Avanzado,90,Coherencia entre representaciones,11,2024-02-01,los valores no están en la misma escala,no respeta las proporciones de los datos,faltan categorías de la tabla,el tipo de gráfico no es apropiado,1,/mathimg/Math_44_1_Doc1.png,,,,,Problemas Aplicados y Análisis,40,Compara la tabla con la gráfica,Verifica escalas y proporciones,¿Los valores graficados corresponden a la tabla?,Respuesta B. La gráfica no respeta las proporciones de los datos de la tabla,No verificar la correspondencia entre datos y gráfico
45,Matemáticas,Interpretación y representación,Conocimientos genéricos,Interpretación,Genérico,2,Calcula razones entre valores de subsidios,Compara proporciones en tablas de datos,Una familia con ingresos entre 0 y 1 SMMLV recibe un subsidio equivalente a,D,Mínimo,45,Interpretación de tablas,10,2024-02-01,10 SMMLV,15 SMMLV,20 SMMLV,22 SMMLV,0,,,,,,Problemas Aplicados y Análisis,25,Busca el rango 0-1 SMMLV en la tabla,Lee el valor del subsidio correspondiente,22 SMMLV significa 22 veces el salario mínimo,Respuesta D. Familias con 0-1 SMMLV reciben subsidio de 22 SMMLV,Confundir el subsidio con un porcentaje
46,Matemáticas,Formulación y ejecución,Conocimientos genéricos,Proposición,Genérico,2,Aplica combinatoria para formar grupos,Calcula combinaciones con restricciones,Un colegio necesita enviar 5 estudiantes como representantes a un foro sobre la contaminación del medio ambiente. Se decidió que 2 estudiantes sean de grado décimo y 3 de grado undécimo. En décimo hay 5 estudiantes preparados para el foro y en undécimo hay 4. ¿Cuántos grupos diferentes pueden formarse para enviar al foro?,D,Satisfactorio,90,Combinaciones,11,2024-02-01,20,30,35,40,0,,,,,,Álgebra y Funciones,35,C(5,2) formas de elegir 2 de décimo,C(4,3) formas de elegir 3 de undécimo,Multiplica las combinaciones
47,Matemáticas,Argumentación,Conocimientos genéricos,Argumentación,Genérico,3,Analiza probabilidades condicionales,Compara probabilidades en eventos dependientes,"Entre los 16 estudiantes de un salón de clases se va a rifar una boleta para ingresar a un parque de diversiones. Cada estudiante debe escoger un número del 3 al 18. El sorteo se efectúa de la siguiente manera: se depositan 6 balotas en una urna, cada una numerada del 1 al 6; se extrae una balota, se mira el número y se vuelve a depositar en la urna. El experimento se repite dos veces más. La suma de los tres puntajes obtenidos determina el número ganador de la rifa. Si en la primera extracción del sorteo se obtuvo 2, es más probable que el estudiante que escogió el número 10 gane la rifa a que la gane el estudiante con el número 7, porque",B,Avanzado,150,Probabilidad condicional,11,2024-02-01,10 está más cerca del valor esperado,hay más formas de obtener 8 adicionales que 5,la probabilidad de 10 es mayor que la de 7,quedan más números altos en la urna,0,,,,,,Estadística y Probabilidad,50,Ya salió 2, faltan dos números que sumen a 5 o a 8,Para sumar 8: (2,6), (3
48,Matemáticas,Interpretación y representación,Conocimientos no genéricos,Interpretación,No genérico,2,Interpreta notación exponencial en contextos científicos,Relaciona expresiones exponenciales con magnitudes,La expresión 10³ = I / Io relaciona la sonoridad de un sonido de 30 decibeles con su intensidad (I) y la menor intensidad (Io) que percibe el oído humano. ¿Cuántas veces es el valor de I respecto a Io?,D,Mínimo,45,Notación exponencial,10,2024-02-01,10,30,100,1000,0,,,,,,Aritmética y Operaciones Básicas,20,10³ = 1000,I/Io = 1000,I = 1000 × Io,Respuesta D. I es 1000 veces mayor que Io,Calcular mal la potencia o confundir la relación
49,Matemáticas,Interpretación y representación,Conocimientos no genéricos,Interpretación,No genérico,3,Modela crecimiento exponencial,Construye expresiones para valorización compuesta,"En determinada zona de una ciudad se construyen edificios de apartamentos en los que cada metro cuadrado tiene un costo de $800.000, y se asegura a los compradores que en esta zona anualmente, el metro cuadrado se valoriza un 5 % respecto al costo del año anterior. ¿Con cuál de las siguientes expresiones se representa el costo de un metro cuadrado en esa zona, transcurridos n años?",D,Avanzado,120,Crecimiento exponencial,11,2024-02-01,800.000 + 0.05n,800.000(1 + 0.05n),800.000 × 1.05n,800.000 × (1.05)^n,0,,,,,,Álgebra y Funciones,40,5% anual = multiplicar por 1.05 cada año,Después de n años: 800,000×(1.05)ⁿ,Es crecimiento exponencial, no lineal
