id,subject_id,pregunta_texto,opcion_a_texto,opcion_b_texto,opcion_c_texto,opcion_d_texto,respuesta_correcta,explanation,parametro_irt_a,parametro_irt_b,parametro_irt_c,difficulty
5ddfcc63-846c-4c11-a839-520a82a88f2a,550e8400-e29b-41d4-a716-446655440005,Choose the correct form: She ___ to the library every day.,go,goes,going,gone,b,Third person singular requires -s ending,1.2,0.2,0.2,3
13a2ec29-5077-4264-92ae-cb83152d3452,550e8400-e29b-41d4-a716-446655440005,Select the correct sentence:,I have been lived here for five years.,I have been living here for five years.,I am been living here for five years.,I was been living here for five years.,b,Present perfect continuous tense structure,1.1,0.5,0.25,4
98d1833f-f247-4cd2-8780-657796496f7d,550e8400-e29b-41d4-a716-446655440005,Which sentence uses the subjunctive mood correctly?,"If I was rich, I would travel.","If I were rich, I would travel.","If I am rich, I would travel.","If I will be rich, I would travel.",b,Subjunctive mood uses were for all persons in conditional sentences,1.3,1,0.2,6
5caf39a3-5673-4fa7-ab80-a236f5ac02b5,550e8400-e29b-41d4-a716-446655440005,"Based on the context: ""The company profits soared after implementing the new strategy."" What does ""soared"" mean?",decreased rapidly,increased dramatically,remained stable,fluctuated wildly,b,Soared means to increase rapidly or dramatically,1,0.3,0.25,4
a37a50cd-f979-47fa-b374-43d842bf3d67,550e8400-e29b-41d4-a716-446655440005,"What is the main idea: ""Renewable energy sources are becoming increasingly important as traditional fossil fuels become scarce and environmental concerns grow.""",Fossil fuels are running out,Environmental problems are increasing,Renewable energy is gaining importance,Traditional energy is better,c,The main idea focuses on the growing importance of renewable energy,1.2,0.8,0.3,5
5f29d0c6-c888-406f-bd8d-1a1a674926df,550e8400-e29b-41d4-a716-446655440005,"Choose the synonym for ""meticulous"":",careless,careful,quick,lazy,b,Meticulous means extremely careful and precise,1.1,0.4,0.25,4
61be99a5-06fc-4adf-bdec-e60b8f230f2d,550e8400-e29b-41d4-a716-446655440005,"What does ""ubiquitous"" mean?",rare and special,present everywhere,very expensive,completely useless,b,"Ubiquitous means present, appearing, or found everywhere",1.4,1.2,0.2,6
cc533715-c1cb-4dfe-ad39-06a4e0b8b332,550e8400-e29b-41d4-a716-446655440005,Which sentence has the best structure for an essay introduction?,This essay will talk about many things.,"In this essay, I will examine the impact of technology on education.",Technology is everywhere these days.,Many people think technology is good.,b,A clear thesis statement makes the best introduction,1,0.6,0.25,5
0af4db6f-c417-4a2a-8486-c184a3e6272d,550e8400-e29b-41d4-a716-446655440003,"Según el equilibrio químico mostrado, adicionar ácido clorhídrico (HCl):",incrementa la concentración de protones (iones H+) y disminuye el pH.,desplaza el equilibrio hacia la izquierda e incrementa la concentración de protones,incrementa la concentración de protones (iones H+) sin modificar el equilibrio.,disminuye la concentración de protones (iones H+) y desplaza el equilibrio hacia la derecha.,a,Agregar HCl aumenta H+ y disminuye pH según equilibrio ácido-base,1,0,0.25,5
f6bb8df6-44b3-4c89-a201-9172ee83a87d,550e8400-e29b-41d4-a716-446655440003,Dos especies de aves que habitan en las copas de los árboles y se alimentan de insectos:,compiten por el alimento y esto ocasionará que alguna de las dos especies se extinga.,"no pueden vivir en el mismo ecosistema, porque al habitar solamente en las copas de los árboles no habría espacio para las dos especies.","comen insectos, pero al buscarlos en diferentes horas del día pueden convivir en el mismo ecosistema.","son la misma especie, porque tienen características de nicho similares como la fuente de alimento y el hábitat.",c,La partición temporal de nichos permite la coexistencia al reducir la competencia directa por un recurso,1,0,0.25,5
4cc61675-7fb4-4336-aac9-9211f52e9be9,550e8400-e29b-41d4-a716-446655440003,"Los espermatozoides tienen como función la fecundación de un óvulo. Su estructura es muy sencilla constan de un núcleo, un cuello y un flagelo; éste último de gran utilidad para movilizarse por el aparato reproductor femenino en busca del óvulo. Además del material genético y el flagelo, los espermatozoides cuentan con muy pocos organelos; uno de los cuales es muy abundante. Teniendo en cuenta la función de los espermatozoides, usted podría suponer que el tipo de organelo más abundante en estas células es:",la mitocondria.,el lisosoma.,el ribosoma.,el núcleo.,a,"Las mitocondrias son responsables de la producción de energía (ATP), necesaria para el movimiento del flagelo",1,0,0.25,5
6bd290fb-3e15-4a8d-ac05-333e349c75cd,550e8400-e29b-41d4-a716-446655440003,"Entre los años de 1845 y 1852, todos los cultivos de papa de la isla de Irlanda fueron destruidos por una enfermedad producida por un hongo. Dos factores contribuyeron a la alta dispersión de la enfermedad: (1) en Irlanda se cultivaba únicamente una variedad de papa y (2) los cultivos de papa se encontraban aislados del resto del mundo, por lo cual se reproducían únicamente entre sí. Desde un punto de vista genético, estos dos factores contribuyeron a la dispersión de la enfermedad, porque:",el genoma del hongo se incorporó rápidamente al ADN de las papas y la enfermedad se transmitió genéticamente.,se redujo la variabilidad genética de los cultivos de papa haciéndolos susceptibles a la epidemia.,"ocasionaron un aumento en el número de cromosomas de las papas cultivadas, haciéndolas susceptibles a la epidemia.",produjeron una alta variabilidad genética generando plantas de papa muy diferentes entre sí y susceptibles a la epidemia.,b,"La falta de variabilidad genética en la población de papas significó que no había individuos resistentes, lo que permitió que la enfermedad se dispersara rápidamente",1,0,0.25,5
f45dce61-7746-428b-8da3-e560c4a259d8,550e8400-e29b-41d4-a716-446655440003,"Una carga A (de valor Q) se desplaza a una velocidad constante v, mientras otra carga idéntica B se encuentra en reposo. Es correcto afirmar que:",las cargas A y B producen solamente campos eléctricos.,la carga A produce solamente campo eléctrico mientras la B produce campo eléctrico y magnético.,la carga A produce campo eléctrico y magnético mientras la carga B solamente campo eléctrico.,las cargas A y B producen campos eléctricos y magnéticos.,c,"Una carga en movimiento produce ambos campos, mientras una carga estática solo produce campo eléctrico",1,0,0.25,5
27ac9cab-6cfc-4316-aeb6-dce7f197d09d,550e8400-e29b-41d4-a716-446655440003,"Cuando el hombre cambia de un traste a otro cambia la longitud de la parte de la cuerda que vibra. Si esta longitud se reduce a la mitad, la frecuencia producida:",Aumenta al doble.,Disminuye a la mitad.,Disminuye en un tercio.,Aumenta al triple.,a,"Al reducir la longitud a la mitad, la frecuencia se duplica",1,0,0.25,5
e6a153e7-229f-4ffe-b599-d77cd5e71dc2,550e8400-e29b-41d4-a716-446655440003,Cuando un globo inflado con helio se va flotando es correcto afirmar que:,Subirá hasta explotar,Volverá a bajar,Subirá hasta que se desinfle,Flotara para siempre,a,"A mayor altitud menor presión, el gas se expande hasta romper",1,0,0.25,5
8c979275-9194-4577-b5a2-49ec08a7c028,550e8400-e29b-41d4-a716-446655440003,"El sistema solar está integrado por planetas, satélites, asteroides, meteoritos y estrellas. El sol es una estrella, todos los elementos del sistema giran alrededor del sol, cumpliendo giros de traslación y de rotación, ¿A que obedecen estos giros?",Las inmensas fuerzas gravitatorias.,La fuerza de atracción que el sol ejerce sobre cada astro.,La fuerza de atracción que el sol ejerce sobre cada astro.,Las altas temperaturas y la gravedad de las superficies de los cuerpos celestes.,b,La gravedad solar mantiene los objetos en órbita,1,0,0.25,5
aac1c191-e857-4a51-a33e-841761b80299,550e8400-e29b-41d4-a716-446655440003,"Científicamente se cree que hace unos 3.800 millones de años surgieron las primeras formas de vida en la tierra y que los primeros seres vivos habitaron en el agua de los océanos. El ser Humano, los animales, las plantas y muchos otros organismos que a simple vista no se pueden ver. Para poder vivir, necesitan realizar funciones vitales, estas son:","Respirar, correr y alimentarse.",Protegerse de los cambios de clima.,Vivir en lugares cómodos con suficiente alimento.,"Relacionarse con su medio ambiente, nutrirse, crecer y reproducirse.",d,Las funciones vitales son universales en todos los seres vivos,1,0,0.25,5
b2f66928-4dc8-49f9-b4bf-a85613856b01,550e8400-e29b-41d4-a716-446655440003,"Lo anterior depende de un proceso que este reino realiza llamando fotosíntesis, ¿en qué consiste este proceso?",Producir energía para controlarla energía volcánica e hidrológica.,Producir y suministrar oxigeno suficiente a la atmosfera para permitir la vida de los seres vivos.,Transformar la energía solar en energía química.,Capturar energía solar para reducir los efectos perjudiciales de los rayos ultravioleta.,c,La fotosíntesis transforma luz en energía química almacenada,1,0,0.25,5
0ac1c331-84d7-430f-9c76-807f1d93b3e5,550e8400-e29b-41d4-a716-446655440003,"Una ecuación generalizada y no equilibrada de la fotosíntesis en presencia de luz sería: CO2 + 2H2A(CH2) + H2O + H2A (Dióxido de carbono, compuesto oxidable, hidratos de carbono, agua y anhídrido sulfúrico). Cuando se mezcla el dióxido de carbono con el agua que recoge por la raíz, se produce el oxígeno, ¿Qué pasaría si la presencia del dióxido de carbono es excesiva en las plantas?","Se produciría más oxígeno y los seres vivos repararían mejor, obteniendo más energía y salud.","Contaminaría la atmosfera y ocasionaría daños graves en los ecosistemas, no se podría respirar.","Aumentaría la producción de bebidas gaseosas, bicarbonato de sodio y sosa para lavar.","El aumento de dióxido de carbono en la atmosfera se captura y se puede utilizar como refrigerante, sobre todo en las zonas de alta temperatura como los desiertos.",b,El exceso de CO2 causa contaminación y daños ecosistémicos,1,0,0.25,5
29da6a34-d6a0-4ca7-9fa4-2c5dab813c95,550e8400-e29b-41d4-a716-446655440003,"El mantenimiento de la temperatura corporal de los animales es resultado del metabolismo, un conjunto de procesos mediante los cuales se transforman los alimentos en proteínas, hidratos de carbono, grasas y se libera energía en forma de calor. ¿Cómo se regula la temperatura corporal en el ser humano y animales de sangre caliente?",Por medio de la tasa de irradiación de calor por la piel y por la evaporación del agua.,"Para evitar una temperatura corporal excesiva, buscan durante el día los lugares frescos y oscuros.",Tomando bebidas refrescantes.,Aplicándose antisolares.,a,La regulación térmica involucra irradiación cutánea y evaporación,1,0,0.25,5
953208d2-9ecd-4922-b7c2-de62546e7c03,550e8400-e29b-41d4-a716-446655440003,"Las vitaminas son cualquiera de un grupo de compuestos esenciales en metabolismos y necesarios para el crecimiento, en general, para el buen funcionamiento del organismo. ¿Cuál es su participación?",Corrigen una amplia gama de disfunciones metabólicas.,"Forman hormonas, células sanguíneas, sustancias químicas del sistema nervioso y material genético, actúan como catalizadores, combinándose con las proteínas para crear metabólicamente enzimas activas que a su vez producen importantes reacciones químicas en todo el cuerpo.","Proporcionan curación para muchas enfermedades, desde gripe hasta el cáncer.",Intervienen en la formación normal de los huesos y protegen los dientes y huesos contra los efectos del bajo consumo de calcio.,b,Las vitaminas actúan como cofactores enzimáticos esenciales,1,0,0.25,5
21d60836-b92c-483f-9b5a-7e00a6115af3,550e8400-e29b-41d4-a716-446655440003,"El calor específico de una sustancia está definido por la expresión en donde es el calor que es necesario suministrar a la unidad de masa de esa sustancia para que su temperatura aumente en una unidad. Se tiene un calorímetro (recipiente construido para aislar térmicamente su contenido del exterior) de masa despreciable, con una masa de agua M a temperatura T. Se introduce un cuerpo de masa m a temperatura T0 Si T0 > T, La temperatura Tf a la cual llegará el sistema al alcanzar el equilibrio térmico, es:",T0.,T.,Menor que T.,Menor que T0 pero mayor que T.,d,La temperatura final será intermedia entre las temperaturas iniciales,1,0,0.25,5
14651632-a460-4295-b743-cf652ba3165e,550e8400-e29b-41d4-a716-446655440003,La digestión es el proceso de transformación y absorción de los alimentos que son ingeridos por vía bucal. ¿Cómo se realiza tal proceso?,"La reacción química que se da en este proceso es la hidrólisis, y para ello se necesita de los jugos digestivos que contienen las enzimas responsables de estas transformaciones.","Tiene lugar en el tubo digestivo y consiste en la masticación de los alimentos que se fragmentan y se mezclan con la saliva para formar el bolo alimenticio y los transforman en elementos asimilables: hidratos de glucosa; grasas, glicerina, y aminoácidos.","Cuando el alimento entra en el órgano, las paredes se expanden y la cavidad aumenta sin que se produzcan cambios en la presión Intra gástrica.","La porción cardiaca del estómago almacena la comida ingerida. Las ondas de contracción del músculo circular que van precedidas por ondas de relajación (Peristaltismo) se inician cerca de la zona central del cuerpo del estómago, se propagan hacia abajo y finalizan justo antes de alcanzar el conducto pilórico.",b,"La digestión implica masticación, mezcla y transformación química",1,0,0.25,5
e3a7409d-90d7-4de2-bfa7-d7d2a7a7f36b,550e8400-e29b-41d4-a716-446655440003,"El arroz es un alimento cuyo consumo está muy extendido; constituye la base de la dieta de casi la mitad de los habitantes del mundo. Su producción enfrenta varios inconvenientes como las enfermedades graves propias del grano provocadas por hongos; las plagas: insectos, microorganismos, roedores, aves que ocasionan una pérdida entre el 40 y 50% de la producción. ¿Para combatir estos problemas lo más efectivo es?","Aplicación de fungicidas, sustancias tóxicas que se emplean para impedir el crecimiento o para matar los hongos perjudiciales para las plantas, los animales o el hombre. La mayoría de los fungicidas de uso agrícola se fumigan o espolvorean sobre las semillas, hojas o frutas para impedir la propagación de la roya, el tizón, los mohos, o el mildiu.","Aplicación de herbicidas de amplio espectro, como el glifosato, que controlan casi todas las formas de vegetación. Algunos esterilizan el suelo, eliminan toda la vegetación y retrasan la invasión de nuevas malas hierbas.","Creación de virus artificiales que tengan como objetivo exclusivo ciertas larvas o plagas de insectos que al ser fumigados sobre los cultivos. Los virus, que son inofensivos para otras especies, se autodestruyen cuando su trabajo tóxico ha terminado.",Aplicación de la ingeniería genética aumentando la resistencia de los cultivos a enfermedades.,d,La ingeniería genética ofrece soluciones más efectivas y sostenibles,1,0,0.25,5
80e8c543-3940-495d-b99f-efe21cb23635,550e8400-e29b-41d4-a716-446655440003,En el sistema digestivo humano existen unas glándulas llamadas anexas que ayudan al proceso de la digestión a través de las diferentes sustancias que producen. Con lo anterior se puede identificar que si una persona presenta problemas para estimular las grasas posiblemente tiene problemas de:,Páncreas.,Hígado.,Parótida.,Intestinos.,b,El hígado produce bilis necesaria para emulsificar grasas,1,0,0.25,5
79690730-14e5-4bea-8e40-d99500ad4e82,550e8400-e29b-41d4-a716-446655440003,"La nutrición en el hombre es el proceso en el cual los organismos aprovechan los nutrientes de los alimentos a través de los procesos de ingestión, digestión y absorción. En la absorción la parte del sistema digestivo involucrado es el:",Intestino delgado.,Intestino grueso.,Páncreas.,Estómago.,a,El intestino delgado tiene vellosidades para maximizar absorción,1,0,0.25,5
3ed93891-038b-4bbe-be0a-311c73c1ce53,550e8400-e29b-41d4-a716-446655440003,"La circulación en los diferentes organismos tiene como función llevar los nutrientes hasta las células. En las plantas, la estructura que realiza esta función es (son):",Las hojas.,Las estomas.,La xilema.,El floema.,d,El floema transporta azúcares y nutrientes orgánicos,1,0,0.25,5
4e98bf9f-dee4-40fa-a4cb-9d929d3ed413,550e8400-e29b-41d4-a716-446655440003,Las plantas aprovechan la luz solar para producir su alimento y utilizar su energía en las funciones vitales. Esta energía la obtienen a través del proceso de la respiración. En la imagen se podría identificar como estructura importante en el proceso de la fotosíntesis a:,Los tallos.,Las hojas.,La raíz.,Las flores.,b,Las hojas contienen clorofila para captar luz solar,1,0,0.25,5
d2df9a63-d8a5-48ee-8be0-7fce13dadac8,550e8400-e29b-41d4-a716-446655440003,Las hormonas coordinan respuestas lentas y duraderas frente a un estímulo determinado. En el caso de la diabetes juvenil el adolescente debe inyectarse insulina porque:,"El hígado no emulsiona las grasas, por tanto, aumenta el nivel de azúcar.",El páncreas produce insulina en exceso.,El páncreas no produce suficiente insulina.,El hígado emulsiona las grasas evitando la acumulación de azúcar.,c,En diabetes juvenil el páncreas no produce insulina suficiente,1,0,0.25,5
faa809e3-2ec5-446a-bc3f-ed45dc65b03c,550e8400-e29b-41d4-a716-446655440003,"La homeostasis establece las condiciones necesarias para que la célula pueda vivir, esto es posible gracias a elementos reguladores que van compensando las variaciones externas que se producen. Ello ocurre por el funcionamiento de todos los órganos, en una integración dependiente de los sistemas nervioso y endocrino. Diferentes situaciones pueden originar o provocar un desequilibrio del medio interno y comprometer el funcionamiento del organismo; una situación sería:",Ataque de risa.,Saltar o correr.,Presión arterial alta.,Bañarse en la lluvia.,c,La hipertensión compromete el equilibrio cardiovascular,1,0,0.25,5
56135a6b-ae2a-4c36-904e-ac2ee4ef4d6c,550e8400-e29b-41d4-a716-446655440003,"En los animales, las adaptaciones de diversas partes de la boca, a los alimentos que ingiere, figuran entre las más sorprendentes que pueden citarse. Por ejemplo, las partes bucales como la espiritrompa de algunos insectos están adaptadas para aspirar el néctar de ciertos tipos de flores; mientras en otro, la adaptación es para chupar sangre por picadura o para masticar vegetales. También, se encuentran que los picos de varias clases de aves y los dientes de algunos mamíferos pueden adquirir gran adaptación para tipos peculiares de alimento porque:",Los organismos realizan modificaciones de acuerdo con las necesidades del medio.,Algunos animales logran prestar atención a las exigencias de un espacio específico.,Las aves son las que menos se adaptan a los diferentes medios por su fisiología.,Los mamíferos son los únicos organismos con diversas adaptaciones para sobrevivir.,a,Las adaptaciones responden a presiones selectivas del ambiente,1,0,0.25,5
57b18be2-d235-45ee-8adc-2d3cd9c65292,550e8400-e29b-41d4-a716-446655440003,"De acuerdo con la organización de los elementos en las tablas periódicas mostradas, el elemento químico nitrógeno (N), pertenece al grupo",IVA,VA,IIB,VIIIB,b,Nitrógeno Z=7 está en grupo VA (columna 15),1,0,0.25,5
4d0b4c26-634e-485b-82b7-28046780d3eb,550e8400-e29b-41d4-a716-446655440003,"En los diferentes ecosistemas se encuentran las plantas que presentan diversas estructuras para relacionarse con el medio. Tal es el caso de la planta llamada comúnmente ""dormilona"" o ""mimosa"" que cuando se toca se desvanece y pareciera que se duerme. Este hecho explica que:",Se presenta porque este tipo de plantas sufre de depresión momentánea.,Esto ocurre como mecanismo de protección para no ser comida o lastimada.,Se da porque no poseen una estructura en sus hojas que le dé dureza y firmeza.,Las plantas realizan estas acciones como motivación del proceso de la fotosíntesis.,b,El movimiento de la mimosa es una respuesta defensiva,1,0,0.25,5
ceda2293-f677-446a-b8a8-09a7bffaaaa5,550e8400-e29b-41d4-a716-446655440003,De los siguientes elementos aquel que NO pertenece al grupo IIA es,Be (berilio),Ca (calcio),Ba (bario),Na (sodio),d,"Sodio está en grupo IA, no IIA como los otros",1,0,0.25,5
8469f24f-ccc9-4f7e-ba6f-a6193150ccad,550e8400-e29b-41d4-a716-446655440003,"En la extracción minera de oro se emplea cianuro de sodio, zinc y ácidos fuertes durante el proceso de purificación. Los ácidos fuertes que pueden emplearse son ácido sulfúrico (H2SO4) de una concentración volumen-volumen del 78% o ácido nítrico (HNO3) que contenga 112 mL de ácido por cada 200 mL de solución. Si en la extracción del oro se requiere usar el ácido de mayor concentración, ¿cuál ácido debería emplearse?","El HNO3, porque como su volumen es mayor que el de la solución de H2SO4 tiene una mayor concentración.","El H2SO4, porque la concentración volumen-volumen del HNO3 es del 56%.","El HNO3, porque su concentración volumen-volumen es del 112%.","El H2SO4, porque como su volumen es menor que el de la solución de HNO3 se encuentra más concentrado.",b,HNO3: 112/200 = 56% vs H2SO4: 78%,1,0,0.25,5
c33f2414-744a-4d38-b074-e9a4c9aa1509,550e8400-e29b-41d4-a716-446655440003,"Una estudiante calentó en una estufa, durante un minuto, un litro de agua que inicialmente estaba a 15°C. La temperatura final del agua fue 17°C. Si ahora calienta dos litros de agua que inicialmente están a 15°C, en la misma estufa durante un minuto, se espera que la temperatura final de los dos litros de agua sea",19ºC.,17ºC.,16ºC.,15ºC.,c,Mayor masa requiere más energía para el mismo cambio térmico,1,0,0.25,5
999c8562-2d1e-4d51-ac95-b006043812d2,550e8400-e29b-41d4-a716-446655440003,Las siguientes son consecuencias del calentamiento global excepto:,El aumento del nivel del mar,El uso de combustibles fósiles como fuente de energía,La extinción de animales y plantas,Los cambios en los ecosistemas,b,"Los combustibles fósiles causan, no resultan del calentamiento",1,0,0.25,5
3f2ef084-c21b-4129-a361-45e5e0e83c47,550e8400-e29b-41d4-a716-446655440003,En una especie de pato se pueden encontrar individuos con cuello corto e individuos con cuello largo. En esta especie se encuentran una mayor cantidad de patos con cuello largo. En un experimento se aparearon una hembra y un macho de cuello largo; de sus hijos 3/4 son de cuello largo y 1/4 son de cuello corto. De los genotipos de los padres puede afirmarse que,ambos padres eran heterocigotos.,el macho era heterocigoto y la hembra era homocigoto recesivo.,el macho era heterocigoto y la hembra era homocigoto dominante.,ambos padres eran homocigotos dominantes.,a,La proporción 3:1 resulta del cruce de heterocigotos,1,0,0.25,5
5e6c0e0d-3734-41d9-8ebe-909d19957dbd,550e8400-e29b-41d4-a716-446655440003,"La polilla grande de la cera es un patógeno que mata las larvas de las abejas y causa grandes pérdidas económicas a los apicultores de todo el mundo, por la gran cantidad de panales que destruye. Según la información anterior, ¿cuál de las siguientes preguntas está relacionada con la problemática descrita y puede resolverse mediante una investigación en el campo de las ciencias naturales?",¿En qué etapa del ciclo biológico la polilla afecta los panales de las abejas?,¿Cómo se afecta la economía de los apicultores por causa de la polilla?,¿Cuáles son las características morfológicas de las abejas usadas en la apicultura?,¿Cuánto invierten al año los apicultores para el control de la polilla en la región?,a,Las preguntas científicas deben ser empíricamente investigables,1,0,0.25,5
6cbbc81c-e6dc-4fec-886a-dcf529b76e56,550e8400-e29b-41d4-a716-446655440003,Si se tiene la secuencia AATTGGCC en ADN la secuencia que se esperaría en ARN es:,UUAACCGG,TTAACCUU,AAGGTTGG,TTGGCCAA,a,"A→U, T→A, G→C, C→G en transcripción",1,0,0.25,5
99878184-5fcd-46e7-b643-9f081a2baf64,550e8400-e29b-41d4-a716-446655440003,Si un hombre por cualquier razón se le inhibe la función de las dendritas de su pierna se espera que el movimiento en su pierna:,Aumente,Disminuya,Sea normal,Se pierda,d,Las dendritas son esenciales para recibir señales nerviosas,1,0,0.25,5
c239feed-099a-48b1-bc17-3b175e050085,550e8400-e29b-41d4-a716-446655440003,Si por alguna razón las neuronas dejan de recibir neurotransmisores se espera que:,No pase nada,La neurona se muera,La actividad neuronal disminuye,La actividad se descontrole,c,Los neurotransmisores son esenciales para la comunicación neuronal,1,0,0.25,5
5958d5f1-0305-4715-8f2a-0bb39e118e9e,550e8400-e29b-41d4-a716-446655440003,"Los isótopos son átomos de un elemento que poseen el mismo número atómico, pero varían su número másico. De acuerdo con esta información es correcto afirmar que:",El numero másico varia porque el número de electrones varia en cada isotopo,El numero másico varia porque son elementos diferentes,El número másico varia porque el número de neutrones cambia en cada isotopo,El numero másico no cambia,c,El número másico = protones + neutrones,1,0,0.25,5
053fc89b-2997-42f9-8657-81b9d4894c09,550e8400-e29b-41d4-a716-446655440003,"El carbono 14 es un isótopo radioactivo del carbono el cual contiene 6 protones y 8 neutrones el cual tiene una vida media de 5730 años, y debido a que se encuentra de forma natural se usa para datar fósiles, de acuerdo con esta información:",Pasados 5730 años el carbono 14 se convierte en carbono,Pasados 5730 años la mitad del carbono 14 inicial se habrá degradado,El carbono es un isotopo del carbono 14,La radioactividad es una propiedad de los isotopos,b,Vida media = tiempo para que se degrade el 50%,1,0,0.25,5
c19e01a3-27d7-435f-9c36-5cd39073084e,550e8400-e29b-41d4-a716-446655440003,"Un bloque de hielo seco, CO₂ sólido, cambia del estado sólido al gaseoso en condiciones ambientales. Este cambio de estado determina un cambio en la densidad del CO₂. Teniendo en cuenta la información anterior, tras el cambio de estado, la densidad del CO₂ disminuye porque",la masa de CO₂ disminuye.,la distancia entre partículas y el volumen aumentan.,la distancia entre partículas disminuye.,la distancia entre partículas aumenta y la masa disminuye.,b,En gases las partículas están más separadas aumentando volumen,1,0,0.25,5
2185c6b0-c33a-4490-9372-d9831c4fd660,550e8400-e29b-41d4-a716-446655440003,"En un experimento, un sólido de identidad desconocida se calienta y se mide su temperatura hasta que se evapora, obteniendo la siguiente gráfica. Para identificar el sólido se cuenta con los datos de la tabla. ¿A qué sustancia corresponde el sólido inicial?",Al benceno.,Al agua.,Al acetonitrilo.,Al 2-butanol.,b,Los puntos de fusión y ebullición son característicos,1,0,0.25,5
99b6c718-7ba3-478d-aa24-4e651c7e5b30,550e8400-e29b-41d4-a716-446655440003,"En el modelo se presenta el proceso de síntesis de proteínas en una célula. De acuerdo con el modelo, si no se copia correctamente la información del ADN al ARNm en el proceso de transcripción, ¿qué puede sucederle al proceso de síntesis de proteínas?",Se produciría una cadena de ARNm doble como la molécula de ADN.,El ribosoma no podría entrar al núcleo a leer la información del ADN.,Los aminoácidos no podrían unirse al ARNt en el citoplasma.,Se unirían aminoácidos que no corresponden con la secuencia de ADN.,d,Los errores de transcripción cambian la secuencia proteica,1,0,0.25,5
5c6ea2da-082e-4a73-b5a3-11c80ae19780,550e8400-e29b-41d4-a716-446655440003,"Teniendo en cuenta el orden en que se lee la tabla periódica en espiral, el último elemento ubicado al final del recorrido por el nivel (N) es",Br (bromo),Ar (argón),K (potasio),Kr (kripton),d,Kripton termina nivel N antes de iniciar nivel O,1,0,0.25,5
3800a315-7746-4144-bb55-4364197b1134,550e8400-e29b-41d4-a716-446655440003,"Un investigador sumerge un detector de sonido en agua para grabar los sonidos emitidos por los animales. El detector muestra la longitud de onda, la frecuencia, la velocidad de propagación y la distancia a la que se produce el sonido emitido por los animales. El investigador saca el detector del agua y registra un sonido. ¿Cuál cambio de las variables mencionadas le permite asegurar al investigador que el sonido se transmite por el aire y no por el agua?",La longitud de onda.,La frecuencia de la onda.,La forma de la onda.,La velocidad de la onda.,d,La velocidad cambia significativamente entre agua y aire,1,0,0.25,5
2654e6bf-5a6f-4466-afad-6117bcf9f1f1,550e8400-e29b-41d4-a716-446655440003,"En las células animales, los lisosomas son los organelos encargados de digerir con enzimas los nutrientes que la célula consume. Si todos los lisosomas de una célula se rompieran, ¿qué le sucedería inicialmente a la célula?",Se degradarían moléculas en su interior.,Perdería todo el agua del citoplasma.,No habría respiración celular.,No se formarían proteínas.,a,Las enzimas liberadas degradarían componentes celulares,1,0,0.25,5
