codigo_tema,area_evaluada,tema_principal,subtema,tema_especifico,competencia_icfes,componente,afirmacion,evidencia,grado_introduccion,prerequisitos,temas_relacionados,orden_secuencial,nivel_dificultad,importancia_icfes,frecuencia_evaluacion,horas_teoria,horas_practica,numero_ejercicios_recomendados,sesiones_refuerzo,recursos_teoria,recursos_practica,recursos_evaluacion,umbral_dominio,tiempo_retencion,indicadores_dominio,estilo_aprendizaje_optimo,metodologia_recomendada,tipo_evaluacion,estado
LC001,Lectura Crítica,Comprensión literal,Información explícita,Identificación de datos específicos en párrafos,Identificar y entender los contenidos locales que conforman un texto,Comprensión local,Identifica información puntual del texto,Localiza datos fechas nombres y cifras específicas,6°,{},{LC002;LC003},1,1,5,25.5,3,5,50,2,{videos explicativos de técnicas de escaneo;ejercicios de localización de información},{textos con preguntas literales;prácticas de subrayado dirigido},{preguntas tipo ICFES de información explícita},75.0,14,{localiza 8/10 datos específicos en 2 minutos;subraya información relevante automáticamente},visual,escaneo dirigido,selección múltiple,activo
LC002,Lectura Crítica,Comprensión literal,Ideas principales,Identificación del tema central de párrafos,Identificar y entender los contenidos locales que conforman un texto,Comprensión local,Identifica el tema o la idea principal de un párrafo,Distingue entre idea principal y detalles de apoyo,6°,{LC001},{LC004;LC005},2,1,5,22.3,4,6,60,3,{mapas conceptuales;técnicas de resumen},{párrafos con idea principal marcada;ejercicios de síntesis},{preguntas de tema central},80.0,21,{identifica tema en 4/5 párrafos;resume en una oración la idea principal},visual-kinestésico,inductivo,selección múltiple,activo
LC003,Lectura Crítica,Comprensión literal,Vocabulario en contexto,Significado de palabras según el contexto,Identificar y entender los contenidos locales que conforman un texto,Comprensión local,Identifica el significado de palabras a partir del contexto,Deduce el sentido de términos desconocidos usando pistas contextuales,7°,{LC001},{LC008;LC015},3,2,4,18.7,3,7,80,2,{estrategias de vocabulario contextual;diccionarios visuales},{textos con palabras marcadas;ejercicios de sinónimos contextuales},{preguntas de vocabulario en contexto},70.0,28,{deduce significado de 7/10 palabras nuevas;usa contexto antes que diccionario},visual,deductivo,selección múltiple,activo
LC004,Lectura Crítica,Estructura textual,Relaciones entre párrafos,Conexiones lógicas entre partes del texto,Comprender cómo se articulan las partes de un texto para darle un sentido global,Articulación textual,Identifica las relaciones entre las partes del texto,Reconoce cómo se conectan las ideas entre párrafos,8°,{LC002},{LC005;LC006},4,2,5,20.1,4,8,70,3,{conectores lógicos;mapas de flujo textual},{textos con conectores resaltados;ejercicios de secuencia lógica},{preguntas de relación entre párrafos},75.0,21,{identifica 4/5 conectores correctamente;explica relación entre párrafos},visual-lógico,analítico,selección múltiple,activo
LC005,Lectura Crítica,Estructura textual,Organización global,Estructura general del texto completo,Comprender cómo se articulan las partes de un texto para darle un sentido global,Articulación textual,Comprende la organización global del texto,Identifica introducción desarrollo y conclusión,8°,{LC002;LC004},{LC007;LC009},5,2,5,19.4,5,9,65,3,{esquemas de estructura textual;plantillas organizacionales},{textos con estructura marcada;ejercicios de organización},{preguntas de estructura global},80.0,28,{dibuja esquema estructural correcto;predice contenido por estructura},visual-espacial,sistémico,selección múltiple,activo
LC006,Lectura Crítica,Coherencia y cohesión,Conectores textuales,Uso y función de conectores lógicos,Comprender cómo se articulan las partes de un texto para darle un sentido global,Articulación textual,Identifica el uso de conectores y marcadores textuales,Reconoce la función de palabras de enlace entre ideas,9°,{LC004},{LC007;LC010},6,2,4,16.8,3,6,90,2,{lista de conectores por función;ejemplos de uso},{textos con conectores por completar;ejercicios de cohesión},{preguntas sobre función de conectores},70.0,35,{clasifica conectores por función;usa conectores apropiadamente},lógico-verbal,categórico,selección múltiple,activo
LC007,Lectura Crítica,Análisis crítico,Intención del autor,Propósito comunicativo del texto,Reflexionar a partir de un texto y evaluar su contenido,Reflexión crítica,Identifica la intención del autor,Reconoce el propósito comunicativo y la audiencia objetivo,9°,{LC005;LC006},{LC008;LC011},7,3,5,21.2,4,7,55,4,{análisis de propósito comunicativo;identificación de audiencia},{textos con intención marcada;ejercicios de análisis de propósito},{preguntas sobre intención del autor},75.0,21,{identifica propósito en 8/10 textos;justifica intención con evidencias},reflexivo,inferencial,selección múltiple,activo
LC008,Lectura Crítica,Análisis crítico,Evaluación de argumentos,Validez y solidez de argumentaciones,Reflexionar a partir de un texto y evaluar su contenido,Reflexión crítica,Evalúa la validez de los argumentos presentados,Distingue entre argumentos sólidos y débiles,10°,{LC003;LC007},{LC009;LC012},8,4,5,23.6,5,8,45,4,{tipos de argumentos;falacias lógicas comunes},{textos argumentativos analizados;ejercicios de evaluación crítica},{preguntas de evaluación argumentativa},80.0,14,{identifica 3/4 tipos de argumentos;detecta falacias básicas},analítico-crítico,evaluativo,selección múltiple,activo
LC009,Lectura Crítica,Tipos de texto,Textos narrativos,Características y elementos narrativos,Identificar y entender los contenidos locales que conforman un texto,Tipos textuales,Identifica elementos propios del texto narrativo,Reconoce narrador personajes tiempo espacio,7°,{LC002},{LC010;LC013},9,2,3,15.4,4,6,40,2,{elementos narrativos;tipos de narrador},{cuentos analizados;ejercicios de identificación narrativa},{preguntas sobre elementos narrativos},75.0,28,{identifica narrador y personajes;reconoce tiempo y espacio narrativo},imaginativo,analítico,selección múltiple,activo
LC010,Lectura Crítica,Tipos de texto,Textos expositivos,Estructura y características expositivas,Comprender cómo se articulan las partes de un texto para darle un sentido global,Tipos textuales,Identifica la estructura de textos expositivos,Reconoce definición clasificación comparación problema-solución,8°,{LC006;LC009},{LC011;LC014},10,2,4,18.9,3,7,50,3,{estructuras expositivas;marcadores textuales},{textos expositivos modelados;ejercicios de estructura},{preguntas sobre estructura expositiva},75.0,21,{identifica estructura expositiva;predice organización del contenido},lógico-secuencial,analítico,selección múltiple,activo
LC011,Lectura Crítica,Tipos de texto,Textos argumentativos,Estructura argumentativa y persuasión,Reflexionar a partir de un texto y evaluar su contenido,Tipos textuales,Analiza la estructura de textos argumentativos,Identifica tesis argumentos y conclusión,9°,{LC007;LC010},{LC012;LC015},11,3,5,22.4,4,8,45,4,{estructura argumentativa;técnicas de persuasión},{ensayos argumentativos;análisis de editoriales},{preguntas de estructura argumentativa},80.0,21,{identifica tesis y argumentos;evalúa fuerza argumentativa},crítico-analítico,argumentativo,selección múltiple,activo
LC012,Lectura Crítica,Comprensión inferencial,Inferencias locales,Información implícita en párrafos,Identificar y entender los contenidos locales que conforman un texto,Comprensión inferencial,Infiere información que no está explícita,Deduce relaciones causales y consecuencias,8°,{LC008;LC011},{LC013;LC016},12,3,5,20.8,4,9,55,3,{estrategias inferenciales;tipos de inferencias},{textos con preguntas inferenciales;ejercicios de deducción},{preguntas de inferencias locales},75.0,28,{hace inferencias correctas 7/10 veces;justifica deducciones},lógico-inferencial,deductivo,selección múltiple,activo
LC013,Lectura Crítica,Comprensión inferencial,Inferencias globales,Conclusiones sobre el texto completo,Comprender cómo se articulan las partes de un texto para darle un sentido global,Comprensión inferencial,Infiere el sentido global del texto,Deduce mensajes implícitos del texto completo,9°,{LC009;LC012},{LC014;LC017},13,3,4,19.3,5,8,50,3,{inferencias globales;síntesis textual},{textos complejos;ejercicios de síntesis},{preguntas de inferencias globales},75.0,21,{sintetiza mensaje principal;hace inferencias globales válidas},sintético-global,holístico,selección múltiple,activo
LC014,Lectura Crítica,Comprensión inferencial,Ironía y sentido figurado,Lenguaje no literal en textos,Reflexionar a partir de un texto y evaluar su contenido,Comprensión inferencial,Identifica el uso de lenguaje figurado,Reconoce ironía metáforas y sentido figurado,10°,{LC010;LC013},{LC015;LC018},14,4,3,14.7,4,7,40,3,{figuras retóricas;lenguaje figurado},{textos con ironía;ejercicios de interpretación},{preguntas de sentido figurado},70.0,35,{identifica ironía y metáforas;interpreta sentido figurado},imaginativo-inferencial,interpretativo,selección múltiple,activo
LC015,Lectura Crítica,Análisis contextual,Contexto histórico y cultural,Influencia del contexto en el texto,Reflexionar a partir de un texto y evaluar su contenido,Contexto,Relaciona el texto con su contexto histórico,Identifica influencias culturales y temporales,11°,{LC003;LC014},{LC016;LC019},15,4,3,12.6,5,6,35,3,{contexto histórico;influencias culturales},{textos situados históricamente;análisis contextual},{preguntas de contexto},70.0,42,{relaciona con contexto histórico;identifica influencias culturales},histórico-cultural,contextual,selección múltiple,activo
LC016,Lectura Crítica,Análisis estilístico,Recursos expresivos,Figuras literarias y estilísticas,Reflexionar a partir de un texto y evaluar su contenido,Estilo,Identifica recursos expresivos del autor,Reconoce figuras literarias y su función,10°,{LC012;LC015},{LC017;LC020},16,4,2,11.8,4,6,30,2,{figuras literarias;recursos estilísticos},{textos literarios;análisis estilístico},{preguntas de recursos expresivos},65.0,35,{identifica figuras literarias;explica función expresiva},estético-analítico,estilístico,selección múltiple,activo
LC017,Lectura Crítica,Textos discontinuos,Gráficos e infografías,Interpretación de información visual,Identificar y entender los contenidos locales que conforman un texto,Textos discontinuos,Interpreta información en gráficos,Extrae datos de tablas gráficos e infografías,8°,{LC013;LC016},{LC018;LC021},17,2,4,17.5,3,8,60,2,{lectura de gráficos;interpretación visual},{infografías educativas;ejercicios de lectura visual},{preguntas de textos discontinuos},80.0,21,{interpreta gráficos correctamente;extrae datos específicos},visual-cuantitativo,visual,selección múltiple,activo
LC018,Lectura Crítica,Textos discontinuos,Mapas y esquemas,Información espacial y organizacional,Comprender cómo se articulan las partes de un texto para darle un sentido global,Textos discontinuos,Interpreta mapas y esquemas organizacionales,Lee información espacial y jerárquica,8°,{LC014;LC017},{LC019;LC022},18,2,3,15.2,3,7,50,2,{lectura de mapas;interpretación de esquemas},{mapas temáticos;organigramas},{preguntas de mapas y esquemas},75.0,28,{lee mapas correctamente;interpreta esquemas organizacionales},espacial-visual,espacial,selección múltiple,activo
LC019,Lectura Crítica,Textos multimodales,Textos mixtos,Combinación de texto e imagen,Comprender cómo se articulan las partes de un texto para darle un sentido global,Textos multimodales,Integra información textual y visual,Relaciona texto e imagen para construir sentido,9°,{LC015;LC018},{LC020;LC023},19,3,3,13.9,4,6,40,3,{textos multimodales;relación texto-imagen},{revistas ilustradas;análisis multimodal},{preguntas de textos mixtos},70.0,21,{integra texto e imagen;construye sentido multimodal},multimodal,integrador,selección múltiple,activo
LC020,Lectura Crítica,Géneros discursivos,Crónica periodística,Características del género cronístico,Identificar y entender los contenidos locales que conforman un texto,Géneros,Identifica características de la crónica,Reconoce elementos narrativos y periodísticos,10°,{LC016;LC019},{LC021;LC024},20,3,2,10.4,3,5,25,2,{características de la crónica;ejemplos periodísticos},{crónicas modelo;análisis de género},{preguntas de crónica},65.0,35,{identifica elementos cronísticos;distingue de otros géneros},periodístico,genérico,selección múltiple,activo
LC021,Lectura Crítica,Géneros discursivos,Ensayo académico,Estructura y características del ensayo,Reflexionar a partir de un texto y evaluar su contenido,Géneros,Analiza la estructura del ensayo académico,Identifica introducción desarrollo y conclusión argumentativa,11°,{LC017;LC020},{LC022;LC025},21,4,3,12.1,4,6,30,3,{estructura del ensayo;características académicas},{ensayos modelo;análisis estructural},{preguntas de ensayo académico},70.0,28,{identifica estructura ensayística;reconoce argumentación académica},académico-analítico,estructural,selección múltiple,activo
LC022,Lectura Crítica,Géneros discursivos,Editorial periodístico,Opinión y argumentación en medios,Reflexionar a partir de un texto y evaluar su contenido,Géneros,Analiza editoriales periodísticos,Identifica posición editorial y argumentos,10°,{LC018;LC021},{LC023;LC026},22,3,3,14.6,3,7,35,3,{características del editorial;análisis de opinión},{editoriales actuales;análisis argumentativo},{preguntas de editorial},70.0,21,{identifica posición editorial;evalúa argumentos periodísticos},crítico-periodístico,argumentativo,selección múltiple,activo
LC023,Lectura Crítica,Funciones del lenguaje,Función referencial,Información objetiva y datos,Identificar y entender los contenidos locales que conforman un texto,Funciones comunicativas,Identifica la función referencial del lenguaje,Reconoce textos con propósito informativo,8°,{LC019;LC022},{LC024;LC027},23,2,3,16.8,2,6,45,2,{funciones del lenguaje;textos informativos},{noticias y reportes;análisis funcional},{preguntas de función referencial},75.0,28,{identifica función informativa;distingue de otras funciones},funcional,categórico,selección múltiple,activo
LC024,Lectura Crítica,Funciones del lenguaje,Función apelativa,Persuasión y convencimiento,Reflexionar a partir de un texto y evaluar su contenido,Funciones comunicativas,Identifica la función apelativa del lenguaje,Reconoce textos que buscan persuadir,9°,{LC020;LC023},{LC025;LC028},24,3,4,18.2,3,7,40,3,{función persuasiva;técnicas apelativas},{publicidad y propaganda;análisis persuasivo},{preguntas de función apelativa},75.0,21,{identifica función persuasiva;reconoce técnicas apelativas},persuasivo,funcional,selección múltiple,activo
LC025,Lectura Crítica,Funciones del lenguaje,Función expresiva,Emotividad y subjetividad,Reflexionar a partir de un texto y evaluar su contenido,Funciones comunicativas,Identifica la función expresiva del lenguaje,Reconoce expresión de emociones y subjetividad,9°,{LC021;LC024},{LC026;LC029},25,3,2,11.5,3,5,30,2,{función expresiva;textos subjetivos},{textos líricos;análisis expresivo},{preguntas de función expresiva},70.0,35,{identifica función expresiva;reconoce subjetividad},expresivo-emotivo,expresivo,selección múltiple,activo
LC028,Lectura Crítica,Análisis discursivo,Ideología en el texto,Posiciones ideológicas implícitas,Reflexionar a partir de un texto y evaluar su contenido,Análisis discursivo,Identifica posiciones ideológicas en textos,Reconoce sesgos y perspectivas particulares,11°,{LC024;LC027},{LC029;LC032},28,4,3,11.3,5,6,30,4,{análisis ideológico;detección de sesgos},{textos con carga ideológica;análisis crítico},{preguntas de ideología},65.0,28,{identifica sesgos ideológicos;reconoce perspectivas particulares},crítico-ideológico,crítico,selección múltiple,activo
LC030,Lectura Crítica,Competencia lectora,Velocidad lectora,Fluidez y comprensión simultánea,Identificar y entender los contenidos locales que conforman un texto,Competencia lectora,Desarrolla velocidad lectora manteniendo comprensión,Lee con fluidez textos diversos,6°,{LC026;LC029},{LC031;LC034},30,2,4,15.7,2,8,80,2,{técnicas de lectura rápida;ejercicios de velocidad},{textos cronometrados;práctica de velocidad},{medición de velocidad lectora},220.0,14,{lee 250 palabras por minuto;mantiene 80% comprensión},kinestésico-veloz,técnico,medición directa,activo
LC031,Lectura Crítica,Competencia lectora,Vocabulario avanzado,Léxico académico y especializado,Identificar y entender los contenidos locales que conforman un texto,Competencia lectora,Maneja vocabulario académico avanzado,Comprende términos especializados en contexto,10°,{LC027;LC030},{LC032;LC035},31,4,3,12.8,4,8,60,3,{vocabulario académico;diccionarios especializados},{textos académicos;ejercicios léxicos},{preguntas de vocabulario avanzado},75.0,21,{comprende 80% vocabulario académico;usa contexto para inferir},léxico-académico,contextual,selección múltiple,activo
LC032,Lectura Crítica,Competencia lectora,Lectura crítica digital,Textos en medios digitales,Reflexionar a partir de un texto y evaluar su contenido,Competencia lectora,Aplica lectura crítica en medios digitales,Evalúa confiabilidad de fuentes online,11°,{LC028;LC031},{LC033;LC036},32,4,3,13.5,3,7,40,3,{alfabetización digital;evaluación de fuentes},{textos web;análisis de credibilidad},{preguntas de lectura digital},70.0,21,{evalúa fuentes digitales;identifica información confiable},digital-crítico,evaluativo,selección múltiple,activo
LC035,Lectura Crítica,Metacognición lectora,Estrategias de comprensión,Autorregulación del proceso lector,Comprender cómo se articulan las partes de un texto para darle un sentido global,Metacognición,Aplica estrategias metacognitivas de lectura,Monitorea su comprensión mientras lee,9°,{LC031;LC034},{LC036;LC039},35,3,3,14.1,3,6,40,3,{estrategias metacognitivas;autorregulación},{ejercicios metacognitivos;reflexión sobre lectura},{evaluación de estrategias},75.0,28,{usa estrategias conscientemente;monitorea comprensión},metacognitivo,autorregulado,autoevaluación,activo
LC036,Lectura Crítica,Metacognición lectora,Evaluación de comprensión,Autoevaluación del entendimiento,Reflexionar a partir de un texto y evaluar su contenido,Metacognición,Evalúa su nivel de comprensión textual,Identifica cuándo no comprende y busca estrategias,10°,{LC032;LC035},{LC037;LC040},36,3,2,10.6,2,5,30,2,{autoevaluación lectora;indicadores de comprensión},{ejercicios de autoevaluación;reflexión metacognitiva},{preguntas metacognitivas},70.0,21,{evalúa su comprensión;identifica dificultades de entendimiento},autoevaluativo,reflexivo,autoevaluación,activo
LC037,Lectura Crítica,Lectura académica,Textos científicos,Comprensión de divulgación científica,Identificar y entender los contenidos locales que conforman un texto,Lectura académica,Comprende textos de divulgación científica,Extrae información de textos especializados,10°,{LC033;LC036},{LC038;LC041},37,4,3,11.9,4,7,35,3,{divulgación científica;textos especializados},{artículos científicos adaptados;análisis académico},{preguntas de textos científicos},70.0,28,{comprende textos científicos;extrae información especializada},científico-analítico,académico,selección múltiple,activo
LC039,Lectura Crítica,Síntesis textual,Resumen académico,Técnicas de síntesis avanzada,Comprender cómo se articulan las partes de un texto para darle un sentido global,Síntesis,Produce resúmenes académicos efectivos,Sintetiza información preservando ideas centrales,10°,{LC035;LC038},{LC040;LC041},39,3,3,12.7,3,8,45,3,{técnicas de resumen;síntesis académica},{textos para resumir;ejercicios de síntesis},{evaluación de resúmenes},75.0,21,{resume manteniendo ideas centrales;usa técnicas de síntesis},sintético-académico,sintético,producción textual,activo
LC041,Lectura Crítica,Aplicación ICFES,Simulacros completos,Práctica integral de lectura crítica,Reflexionar a partir de un texto y evaluar su contenido,Aplicación ICFES,Resuelve pruebas ICFES de lectura crítica,Aplica todas las competencias en formato oficial,11°,{LC037;LC040},{},41,4,5,25.8,1,15,100,5,{simulacros ICFES;estrategias de examen},{pruebas oficiales;práctica cronometrada},{simulacros completos ICFES},85.0,7,{resuelve 35/41 preguntas correctamente;maneja tiempo de examen},estratégico-aplicativo,aplicativo,simulacro oficial,activo
MAT001,Matemáticas,Números reales,Operaciones básicas,Suma resta multiplicación y división de reales,Formulación y ejecución,Álgebra y cálculo,Resuelve operaciones con números reales,Ejecuta algoritmos de operaciones básicas correctamente,6°,{},{MAT002;MAT003},1,1,5,35.2,2,6,100,2,{videos de operaciones básicas;propiedades de números reales},{ejercicios de cálculo mental;problemas de operaciones combinadas},{preguntas de operaciones directas},90.0,7,{resuelve 20 operaciones en 5 minutos;no usa calculadora para operaciones básicas},kinestésico,repetitivo-procedimental,selección múltiple,activo
MAT002,Matemáticas,Números reales,Potenciación y radicación,Operaciones con potencias y raíces,Formulación y ejecución,Álgebra y cálculo,Aplica propiedades de potencias y raíces,Simplifica expresiones con exponentes y radicales,7°,{MAT001},{MAT004;MAT008},2,2,4,28.7,3,7,80,3,{leyes de exponentes;propiedades de radicales},{ejercicios de simplificación;problemas con potencias},{preguntas de simplificación algebraica},75.0,14,{simplifica expresiones con exponentes;opera con radicales básicos},visual-lógico,algorítmico,selección múltiple,activo
MAT003,Matemáticas,Expresiones algebraicas,Polinomios,Operaciones con expresiones polinómicas,Formulación y ejecución,Álgebra y cálculo,Realiza operaciones con polinomios,Suma resta multiplica y divide polinomios,8°,{MAT001;MAT002},{MAT005;MAT009},3,2,5,24.1,4,8,70,4,{definición de polinomios;operaciones algebraicas},{ejercicios de suma y resta;multiplicación de polinomios},{preguntas de operaciones polinómicas},80.0,21,{suma polinomios correctamente;multiplica binomios sin error},simbólico-abstracto,algorítmico,selección múltiple,activo
MAT004,Matemáticas,Ecuaciones lineales,Ecuaciones de primer grado,Resolución de ecuaciones lineales simples,Formulación y ejecución,Álgebra y cálculo,Resuelve ecuaciones lineales de una variable,Aplica propiedades para despejar la incógnita,8°,{MAT002;MAT003},{MAT006;MAT010},4,2,5,26.8,3,9,60,3,{principios de igualdad;métodos de despeje},{ecuaciones paso a paso;problemas contextualizados},{preguntas de resolución de ecuaciones},85.0,14,{resuelve ecuaciones en 3 pasos;verifica soluciones},lógico-secuencial,algorítmico,selección múltiple,activo
MAT005,Matemáticas,Sistemas de ecuaciones,Métodos de solución,Sustitución igualación y eliminación,Formulación y ejecución,Álgebra y cálculo,Resuelve sistemas de ecuaciones lineales,Aplica diferentes métodos según el contexto,9°,{MAT004},{MAT011;MAT015},5,3,5,22.3,5,10,50,4,{métodos de resolución;interpretación gráfica},{sistemas 2x2 paso a paso;problemas de aplicación},{preguntas de sistemas lineales},80.0,21,{resuelve sistemas por 2 métodos;interpreta solución gráficamente},lógico-visual,sistémico,selección múltiple,activo
MAT006,Matemáticas,Funciones,Concepto de función,Definición y características básicas,Interpretación y representación,Álgebra y cálculo,Identifica si una relación es función,Aplica la prueba de la línea vertical,9°,{MAT004;MAT005},{MAT007;MAT012},6,3,5,19.6,4,8,45,3,{definición de función;dominio y rango},{gráficas de relaciones;ejercicios de identificación},{preguntas sobre concepto de función},75.0,28,{identifica funciones correctamente;determina dominio y rango básico},visual-analítico,conceptual,selección múltiple,activo
MAT007,Matemáticas,Funciones,Función lineal,Pendiente intercepto y ecuación de la recta,Interpretación y representación,Álgebra y cálculo,Analiza y representa funciones lineales,Interpreta pendiente como razón de cambio,9°,{MAT006},{MAT008;MAT013},7,3,5,21.4,4,9,55,4,{ecuación punto-pendiente;interpretación de parámetros},{gráficas en plano cartesiano;problemas de razón de cambio},{preguntas de función lineal},80.0,21,{calcula pendiente entre dos puntos;interpreta interceptos},visual-cuantitativo,representacional,selección múltiple,activo
MAT008,Matemáticas,Funciones,Función cuadrática,Parábolas y características,Interpretación y representación,Álgebra y cálculo,Analiza funciones cuadráticas,Identifica vértice eje de simetría y raíces,10°,{MAT002;MAT007},{MAT009;MAT014},8,4,4,18.9,5,10,45,4,{función cuadrática;características de parábolas},{gráficas de parábolas;análisis de vértice},{preguntas de función cuadrática},75.0,28,{identifica vértice y eje;calcula raíces por factorización},visual-algebraico,analítico,selección múltiple,activo
MAT009,Matemáticas,Funciones,Función exponencial,Crecimiento y decrecimiento exponencial,Interpretación y representación,Álgebra y cálculo,Modela situaciones con funciones exponenciales,Interpreta crecimiento exponencial en contextos,10°,{MAT003;MAT008},{MAT010;MAT015},9,4,3,16.2,4,8,35,3,{función exponencial;crecimiento exponencial},{problemas de crecimiento poblacional;interés compuesto},{preguntas de función exponencial},70.0,35,{modela crecimiento exponencial;interpreta parámetros},modelístico,aplicativo,selección múltiple,activo
MAT010,Matemáticas,Funciones,Función logarítmica,Logaritmos y sus propiedades,Argumentación,Álgebra y cálculo,Comprende la función logarítmica,Aplica propiedades de logaritmos,11°,{MAT004;MAT009},{MAT011;MAT016},10,4,3,14.7,5,8,30,4,{definición de logaritmo;propiedades logarítmicas},{ejercicios con logaritmos;cambio de base},{preguntas de logaritmos},65.0,42,{aplica propiedades de logaritmos;resuelve ecuaciones logarítmicas},lógico-abstracto,conceptual,selección múltiple,activo
MAT011,Matemáticas,Trigonometría,Razones trigonométricas,Seno coseno y tangente,Formulación y ejecución,Álgebra y cálculo,Calcula razones trigonométricas básicas,Aplica seno coseno y tangente en triángulos,10°,{MAT005;MAT010},{MAT012;MAT017},11,3,4,17.8,4,9,50,3,{razones trigonométricas;triángulo rectángulo},{problemas de triángulos;aplicaciones trigonométricas},{preguntas de trigonometría básica},75.0,21,{calcula razones en triángulo rectángulo;aplica en problemas contextualizados},visual-espacial,aplicativo,selección múltiple,activo
MAT012,Matemáticas,Trigonometría,Identidades trigonométricas,Relaciones entre funciones trigonométricas,Argumentación,Álgebra y cálculo,Demuestra identidades trigonométricas básicas,Utiliza relaciones fundamentales entre razones,11°,{MAT006;MAT011},{MAT013;MAT018},12,4,3,12.4,5,7,25,4,{identidades fundamentales;relaciones trigonométricas},{demostración de identidades;ejercicios de simplificación},{preguntas de identidades},65.0,35,{demuestra identidades básicas;simplifica expresiones trigonométricas},lógico-deductivo,demostrativo,selección múltiple,activo
MAT013,Matemáticas,Trigonometría,Funciones trigonométricas,Gráficas de seno coseno y tangente,Interpretación y representación,Álgebra y cálculo,Interpreta gráficas de funciones trigonométricas,Identifica amplitud periodo y fase,11°,{MAT007;MAT012},{MAT014;MAT019},13,4,3,15.1,4,8,35,3,{gráficas trigonométricas;transformaciones},{análisis de funciones periódicas;interpretación gráfica},{preguntas de gráficas trigonométricas},70.0,28,{identifica periodo y amplitud;interpreta transformaciones},visual-periódico,gráfico,selección múltiple,activo
MAT017,Matemáticas,Geometría analítica,Distancia entre puntos,Fórmula de distancia en el plano,Formulación y ejecución,Geometría,Calcula distancias entre puntos en el plano,Aplica la fórmula de distancia euclidiana,9°,{MAT011;MAT016},{MAT018;MAT023},17,3,4,18.5,3,7,50,2,{geometría analítica;distancia euclidiana},{problemas de distancia;aplicaciones geométricas},{preguntas de distancia entre puntos},80.0,21,{calcula distancias correctamente;aplica en problemas geométricos},visual-cuantitativo,aplicativo,selección múltiple,activo
MAT018,Matemáticas,Geometría analítica,Ecuación de la recta,Diferentes formas de la ecuación lineal,Interpretación y representación,Geometría,Encuentra ecuaciones de rectas,Utiliza forma punto-pendiente y general,10°,{MAT012;MAT017},{MAT019;MAT024},18,3,4,19.7,4,8,45,3,{ecuaciones de recta;formas de la ecuación},{problemas de rectas;intersecciones},{preguntas de ecuación de recta},75.0,21,{encuentra ecuación punto-pendiente;determina intersecciones},algebraico-geométrico,aplicativo,selección múltiple,activo
MAT019,Matemáticas,Geometría analítica,Cónicas básicas,Circunferencia y sus elementos,Interpretación y representación,Geometría,Analiza la circunferencia analíticamente,Encuentra centro y radio de circunferencias,10°,{MAT013;MAT018},{MAT020;MAT025},19,3,3,15.3,4,7,35,3,{ecuación de la circunferencia;elementos},{análisis de circunferencias;problemas aplicados},{preguntas de circunferencia},70.0,28,{encuentra centro y radio;determina si punto pertenece},geométrico-algebraico,analítico,selección múltiple,activo
MAT020,Matemáticas,Geometría plana,Figuras básicas,Triángulos cuadriláteros y círculos,Interpretación y representación,Geometría,Identifica propiedades de figuras planas,Calcula perímetros y áreas de figuras básicas,7°,{MAT014;MAT019},{MAT021;MAT026},20,2,4,22.8,3,8,60,3,{propiedades geométricas;fórmulas de área y perímetro},{construcciones geométricas;problemas de medición},{preguntas de geometría básica},80.0,21,{calcula áreas correctamente;identifica propiedades de figuras},visual-espacial,aplicativo,selección múltiple,activo
MAT021,Matemáticas,Geometría plana,Teoremas clásicos,Pitágoras Tales y congruencia,Argumentación,Geometría,Aplica teoremas geométricos fundamentales,Demuestra propiedades usando teoremas,9°,{MAT015;MAT020},{MAT022;MAT027},21,3,4,17.9,4,7,40,4,{teoremas geométricos;demostraciones},{problemas de aplicación;construcciones},{preguntas de teoremas geométricos},75.0,28,{aplica teorema de Pitágoras;demuestra congruencia},deductivo-geométrico,demostrativo,selección múltiple,activo
MAT022,Matemáticas,Geometría plana,Semejanza y proporcionalidad,Figuras semejantes y escalas,Interpretación y representación,Geometría,Resuelve problemas de semejanza,Aplica proporcionalidad en figuras semejantes,9°,{MAT016;MAT021},{MAT023;MAT028},22,3,3,16.4,3,8,45,3,{semejanza de figuras;proporcionalidad},{problemas de escalas;aplicaciones prácticas},{preguntas de semejanza},75.0,21,{identifica figuras semejantes;calcula escalas y proporciones},proporcional-visual,aplicativo,selección múltiple,activo
MAT023,Matemáticas,Geometría sólida,Prismas y pirámides,Volúmenes y áreas superficiales,Formulación y ejecución,Geometría,Calcula volúmenes de sólidos básicos,Encuentra áreas superficiales de prismas y pirámides,10°,{MAT017;MAT022},{MAT024;MAT029},23,3,3,14.7,4,8,35,3,{geometría tridimensional;fórmulas de volumen},{problemas de sólidos;cálculos volumétricos},{preguntas de geometría sólida},70.0,28,{calcula volúmenes correctamente;encuentra áreas superficiales},espacial-cuantitativo,aplicativo,selección múltiple,activo
MAT024,Matemáticas,Geometría sólida,Cilindros conos y esferas,Sólidos de revolución,Formulación y ejecución,Geometría,Calcula volúmenes de sólidos de revolución,Aplica fórmulas de cilindros conos y esferas,10°,{MAT018;MAT023},{MAT025;MAT030},24,3,3,13.8,4,7,30,3,{sólidos de revolución;fórmulas específicas},{problemas contextualizados;aplicaciones reales},{preguntas de sólidos de revolución},70.0,21,{calcula volúmenes de cilindros y esferas;resuelve problemas aplicados},espacial-aplicativo,aplicativo,selección múltiple,activo
MAT025,Matemáticas,Transformaciones geométricas,Traslaciones y reflexiones,Movimientos en el plano,Interpretación y representación,Geometría,Aplica transformaciones geométricas básicas,Realiza traslaciones reflexiones y rotaciones,8°,{MAT019;MAT024},{MAT026;MAT031},25,2,3,15.9,3,7,40,2,{transformaciones geométricas;isometrías},{ejercicios de transformaciones;aplicaciones},{preguntas de transformaciones},75.0,28,{realiza traslaciones y reflexiones;identifica transformaciones},visual-kinestésico,manipulativo,selección múltiple,activo
MAT026,Matemáticas,Transformaciones geométricas,Homotecias y simetrías,Transformaciones con cambio de escala,Interpretación y representación,Geometría,Aplica homotecias y simetrías,Maneja transformaciones que cambian tamaño,9°,{MAT020;MAT025},{MAT027;MAT032},26,3,2,12.1,3,6,30,2,{homotecias;simetrías centrales},{problemas de escalas;transformaciones compuestas},{preguntas de homotecias},65.0,35,{aplica homotecias correctamente;identifica centros de simetría},transformacional,aplicativo,selección múltiple,activo
MAT027,Matemáticas,Estadística descriptiva,Medidas de tendencia central,Media mediana y moda,Interpretación y representación,Estadística y probabilidad,Calcula e interpreta medidas de tendencia central,Elige la medida más apropiada según el contexto,8°,{MAT021;MAT026},{MAT028;MAT033},27,2,4,20.3,3,7,50,3,{conceptos estadísticos básicos;interpretación de medidas},{cálculo con datos pequeños;interpretación contextual},{preguntas de estadística descriptiva},75.0,28,{calcula media y mediana;interpreta resultados en contexto},cuantitativo-analítico,interpretativo,selección múltiple,activo
MAT028,Matemáticas,Estadística descriptiva,Medidas de dispersión,Rango varianza y desviación estándar,Interpretación y representación,Estadística y probabilidad,Calcula e interpreta medidas de dispersión,Compara variabilidad entre conjuntos de datos,9°,{MAT022;MAT027},{MAT029;MAT034},28,3,3,17.6,4,8,40,3,{medidas de dispersión;interpretación de variabilidad},{cálculo de desviación;comparación de datos},{preguntas de dispersión},70.0,21,{calcula desviación estándar;interpreta variabilidad},estadístico-comparativo,analítico,selección múltiple,activo
MAT029,Matemáticas,Representación de datos,Gráficos estadísticos,Histogramas diagramas de barras y circulares,Interpretación y representación,Estadística y probabilidad,Interpreta y construye gráficos estadísticos,Elige el tipo de gráfico apropiado para los datos,8°,{MAT023;MAT028},{MAT030;MAT035},29,2,4,19.8,3,8,55,2,{tipos de gráficos;interpretación visual},{construcción de gráficos;análisis visual},{preguntas de gráficos estadísticos},80.0,21,{interpreta gráficos correctamente;elige tipo apropiado},visual-estadístico,interpretativo,selección múltiple,activo
MAT030,Matemáticas,Representación de datos,Tablas de frecuencia,Organización y análisis de datos,Interpretación y representación,Estadística y probabilidad,Construye e interpreta tablas de frecuencia,Organiza datos en distribuciones de frecuencia,8°,{MAT024;MAT029},{MAT031;MAT036},30,2,3,18.4,3,7,50,2,{tablas de frecuencia;distribuciones},{organización de datos;análisis frecuencial},{preguntas de tablas de frecuencia},75.0,28,{construye tablas correctamente;interpreta distribuciones},organizacional-analítico,organizativo,selección múltiple,activo
MAT031,Matemáticas,Probabilidad básica,Experimentos aleatorios,Espacio muestral y eventos,Interpretación y representación,Estadística y probabilidad,Identifica experimentos aleatorios y eventos,Define espacios muestrales y eventos simples,9°,{MAT025;MAT030},{MAT032;MAT037},31,3,4,16.7,3,8,45,3,{conceptos de probabilidad;experimentos aleatorios},{identificación de eventos;espacios muestrales},{preguntas de probabilidad básica},75.0,21,{identifica eventos;define espacios muestrales correctamente},probabilístico,conceptual,selección múltiple,activo
MAT032,Matemáticas,Probabilidad básica,Cálculo de probabilidades,Probabilidad clásica y frecuencial,Formulación y ejecución,Estadística y probabilidad,Calcula probabilidades de eventos simples,Aplica la definición clásica de probabilidad,9°,{MAT026;MAT031},{MAT033;MAT038},32,3,4,17.9,4,9,50,3,{cálculo de probabilidades;definición clásica},{problemas de probabilidad;aplicaciones},{preguntas de cálculo de probabilidades},75.0,21,{calcula probabilidades simples;aplica definición clásica},cuantitativo-probabilístico,aplicativo,selección múltiple,activo
MAT033,Matemáticas,Probabilidad básica,Probabilidad condicional,Eventos dependientes e independientes,Argumentación,Estadística y probabilidad,Comprende la probabilidad condicional,Distingue entre eventos independientes y dependientes,10°,{MAT027;MAT032},{MAT034;MAT039},33,4,3,14.2,4,8,35,4,{probabilidad condicional;independencia},{problemas de dependencia;aplicaciones contextuales},{preguntas de probabilidad condicional},65.0,28,{calcula probabilidad condicional;identifica independencia},lógico-probabilístico,analítico,selección múltiple,activo
MAT036,Matemáticas,Inferencia estadística,Muestreo,Poblaciones y muestras,Interpretación y representación,Estadística y probabilidad,Distingue entre población y muestra,Comprende conceptos básicos de muestreo,10°,{MAT030;MAT035},{MAT037;MAT042},36,3,2,12.3,3,5,30,2,{conceptos de muestreo;población vs muestra},{problemas de muestreo;interpretación},{preguntas de muestreo},70.0,35,{distingue población de muestra;comprende representatividad},conceptual-estadístico,conceptual,selección múltiple,activo
MAT038,Matemáticas,Análisis combinatorio,Principios de conteo,Principio de multiplicación y adición,Formulación y ejecución,Estadística y probabilidad,Aplica principios básicos de conteo,Resuelve problemas usando principios multiplicativo y aditivo,10°,{MAT032;MAT037},{MAT039;MAT044},38,3,3,15.1,3,8,40,3,{principios de conteo;técnicas combinatorias},{problemas de conteo;aplicaciones},{preguntas de principios de conteo},70.0,21,{aplica principio multiplicativo;resuelve problemas de conteo},combinatorio,aplicativo,selección múltiple,activo
MAT039,Matemáticas,Análisis combinatorio,Permutaciones y combinaciones,Arreglos con y sin orden,Formulación y ejecución,Estadística y probabilidad,Calcula permutaciones y combinaciones,Distingue entre arreglos con orden y sin orden,10°,{MAT033;MAT038},{MAT040;MAT045},39,3,3,14.6,4,8,35,3,{permutaciones y combinaciones;fórmulas},{problemas de arreglos;aplicaciones contextuales},{preguntas de permutaciones y combinaciones},65.0,28,{calcula permutaciones y combinaciones;distingue cuándo usar cada una},combinatorio-aplicativo,aplicativo,selección múltiple,activo
MAT042,Matemáticas,Sucesiones y series,Sucesiones aritméticas,Progresiones aritméticas,Interpretación y representación,Álgebra y cálculo,Analiza sucesiones aritméticas,Encuentra términos y sumas de progresiones aritméticas,9°,{MAT036;MAT041},{MAT043;MAT048},42,3,2,13.4,3,7,35,2,{sucesiones aritméticas;fórmulas},{problemas de progresiones;aplicaciones},{preguntas de sucesiones aritméticas},70.0,28,{encuentra término general;calcula sumas parciales},secuencial-algebraico,aplicativo,selección múltiple,activo
MAT043,Matemáticas,Sucesiones y series,Sucesiones geométricas,Progresiones geométricas,Interpretación y representación,Álgebra y cálculo,Analiza sucesiones geométricas,Encuentra términos y sumas de progresiones geométricas,10°,{MAT037;MAT042},{MAT044;MAT049},43,3,2,12.7,4,7,30,3,{sucesiones geométricas;razón común},{problemas de crecimiento;aplicaciones},{preguntas de sucesiones geométricas},65.0,21,{encuentra término general geométrico;calcula sumas infinitas},exponencial-algebraico,aplicativo,selección múltiple,activo
MAT048,Matemáticas,Optimización,Máximos y mínimos,Problemas de optimización básicos,Formulación y ejecución,Álgebra y cálculo,Resuelve problemas básicos de optimización,Encuentra máximos y mínimos en funciones cuadráticas,10°,{MAT042;MAT047},{MAT049;MAT054},48,3,2,11.6,4,8,25,4,{problemas de optimización;máximos y mínimos},{aplicaciones de optimización;problemas contextuales},{preguntas de optimización},60.0,28,{encuentra máximos en parábolas;resuelve problemas de optimización},optimizador,aplicativo,selección múltiple,activo
MAT050,Matemáticas,Lógica matemática,Proposiciones,Conectivos lógicos básicos,Argumentación,Álgebra y cálculo,Analiza proposiciones lógicas,Utiliza conectivos y construye tablas de verdad,10°,{MAT044;MAT049},{MAT051;MAT056},50,3,2,10.8,3,6,30,2,{lógica proposicional;tablas de verdad},{ejercicios de lógica;aplicaciones},{preguntas de lógica},65.0,35,{construye tablas de verdad;identifica tautologías},lógico-formal,lógico,selección múltiple,activo
MAT052,Matemáticas,Teoría de conjuntos,Operaciones entre conjuntos,Unión intersección y complemento,Interpretación y representación,Álgebra y cálculo,Realiza operaciones entre conjuntos,Utiliza diagramas de Venn para representar operaciones,8°,{MAT046;MAT051},{MAT053;MAT058},52,2,3,16.5,2,6,45,2,{teoría de conjuntos;diagramas de Venn},{problemas de conjuntos;aplicaciones},{preguntas de operaciones de conjuntos},75.0,21,{realiza uniones e intersecciones;interpreta diagramas de Venn},visual-conjuntista,representacional,selección múltiple,activo
MAT064,Matemáticas,Modelación matemática,Modelos lineales,Ajuste de rectas a datos,Formulación y ejecución,Estadística y probabilidad,Ajusta modelos lineales a datos,Interpreta parámetros en modelos lineales,10°,{MAT058;MAT063},{MAT065;MAT070},64,3,2,12.1,3,7,25,3,{regresión lineal;modelos},{ajuste de datos;interpretación},{preguntas de modelación lineal},60.0,21,{ajusta recta a datos;interpreta pendiente e intercepto},modelístico-estadístico,aplicativo,selección múltiple,activo
MAT065,Matemáticas,Modelación matemática,Modelos exponenciales,Crecimiento y decaimiento,Formulación y ejecución,Estadística y probabilidad,Modela situaciones con funciones exponenciales,Ajusta modelos exponenciales a datos reales,10°,{MAT059;MAT064},{MAT066;MAT071},65,3,2,10.9,4,7,20,3,{modelos exponenciales;crecimiento},{problemas de crecimiento poblacional;aplicaciones},{preguntas de modelos exponenciales},55.0,28,{modela crecimiento exponencial;interpreta parámetros del modelo},modelístico-exponencial,aplicativo,selección múltiple,activo
MAT067,Matemáticas,Matemática financiera,Interés simple y compuesto,Cálculos financieros básicos,Formulación y ejecución,Álgebra y cálculo,Calcula interés simple y compuesto,Resuelve problemas de matemática financiera,9°,{MAT061;MAT066},{MAT068;MAT073},67,3,3,14.3,3,8,35,2,{matemática financiera;interés},{problemas financieros;aplicaciones},{preguntas de interés},70.0,21,{calcula interés compuesto;resuelve problemas de inversión},financiero-aplicativo,aplicativo,selección múltiple,activo
MAT068,Matemáticas,Matemática financiera,Anualidades y amortización,Pagos periódicos y préstamos,Formulación y ejecución,Álgebra y cálculo,Calcula anualidades y amortizaciones,Resuelve problemas de préstamos y pagos,10°,{MAT062;MAT067},{MAT069;MAT074},68,3,2,11.6,4,7,25,3,{anualidades;amortización},{problemas de préstamos;aplicaciones financieras},{preguntas de anualidades},60.0,28,{calcula cuotas de préstamos;entiende amortización},financiero-complejo,aplicativo,selección múltiple,activo
MAT087,Matemáticas,Aplicación ICFES,Simulacros completos,Práctica integral de matemáticas,Formulación y ejecución,Aplicación ICFES,Resuelve pruebas ICFES de matemáticas,Aplica todas las competencias en formato oficial,11°,{MAT081;MAT082;MAT083;MAT084;MAT085;MAT086},{},87,4,5,30.4,1,20,150,5,{simulacros ICFES;estrategias de examen},{pruebas oficiales;práctica cronometrada},{simulacros completos ICFES},85.0,7,{resuelve 42/50 preguntas correctamente;maneja tiempo de examen},estratégico-aplicativo,aplicativo,simulacro oficial,activo
CN001,Ciencias Naturales,Estructura celular,Célula procariota y eucariota,Diferencias estructurales fundamentales,Indagación,Entorno vivo,Compara estructuras celulares básicas,Identifica organelos y sus funciones principales,7°,{},{CN002;CN003},1,2,5,22.8,4,6,40,3,{videos de microscopía;diagramas celulares interactivos},{observación microscópica virtual;ejercicios de identificación},{preguntas de estructura celular},80.0,21,{identifica organelos principales;explica diferencias proc/euc},visual-kinestésico,observacional,selección múltiple,activo
CN002,Ciencias Naturales,Procesos vitales,Respiración celular,Obtención de energía en las células,Explicación de fenómenos,Entorno vivo,Explica el proceso de respiración celular,Relaciona respiración con obtención de energía,8°,{CN001},{CN004;CN008},2,3,5,19.4,5,8,35,4,{simulaciones de respiración celular;diagramas de proceso},{experimentos virtuales;análisis de ecuaciones químicas},{preguntas de procesos metabólicos},75.0,28,{explica respiración aerobia/anaerobia;relaciona con producción ATP},analítico-causal,explicativo,selección múltiple,activo
CN003,Ciencias Naturales,Genética básica,Leyes de Mendel,Herencia de características simples,Uso comprensivo del conocimiento científico,Entorno vivo,Aplica las leyes de Mendel en cruces simples,Predice proporciones fenotípicas en descendencia,9°,{CN001;CN002},{CN005;CN009},3,3,4,18.2,4,9,45,4,{principios de herencia;cuadros de Punnett},{cruces genéticos simulados;problemas de herencia},{preguntas de genética mendeliana},80.0,35,{resuelve cruces monohíbridos;interpreta proporciones genotípicas},lógico-matemático,aplicativo,selección múltiple,activo
CN004,Ciencias Naturales,Procesos vitales,Fotosíntesis,Producción de glucosa y oxígeno,Explicación de fenómenos,Entorno vivo,Explica el proceso de fotosíntesis,Relaciona fotosíntesis con flujo de energía,8°,{CN002},{CN006;CN010},4,3,5,20.1,5,8,40,4,{fases de la fotosíntesis;ecuación química},{experimentos de fotosíntesis;análisis de factores},{preguntas de fotosíntesis},75.0,28,{explica fase luminosa y oscura;relaciona con cadena alimentaria},procesual-energético,explicativo,selección múltiple,activo
CN044,Ciencias Naturales,Biología ecosistémica,Ciclos biogeoquímicos,Ciclo del carbono nitrógeno y agua,Uso comprensivo del conocimiento,Entorno vivo,Explica ciclos biogeoquímicos básicos,Relaciona ciclos con equilibrio ecosistémico,9°,{CN043},{CN045;CN046},44,3,4,16.8,4,7,45,3,{diagramas de ciclos;animaciones},{análisis de flujos;impacto humano},{preguntas tipo ICFES ciclos},70.0,28,{explica 3/4 ciclos;identifica alteraciones humanas},sistémico,cíclico,selección múltiple,activo
CN045,Ciencias Naturales,Química básica,Mezclas y métodos de separación,Filtración decantación destilación,Uso comprensivo del conocimiento,Entorno físico,Identifica métodos de separación,Selecciona método según tipo de mezcla,8°,{CN044},{CN047;CN048},45,2,4,18.5,3,6,50,2,{tipos de mezclas;métodos de separación},{laboratorio virtual;ejercicios de selección},{preguntas tipo ICFES mezclas},75.0,21,{selecciona método correcto 8/10 veces;justifica elección},experimental,aplicativo,selección múltiple,activo
CN046,Ciencias Naturales,Química básica,Nomenclatura química,Óxidos ácidos bases y sales,Uso comprensivo del conocimiento,Entorno físico,Nombra compuestos inorgánicos básicos,Usa nomenclatura tradicional y Stock,10°,{CN045},{CN049;CN050},46,3,3,14.2,4,7,40,3,{reglas de nomenclatura;tabla de valencias},{ejercicios de nomenclatura;formulación},{preguntas tipo ICFES nomenclatura},65.0,35,{nombra 15/20 compuestos;formula correctamente},memorístico,sistemático,selección múltiple,activo
CN047,Ciencias Naturales,Física básica,Energía mecánica,Energía cinética y potencial,Explicación de fenómenos,Entorno físico,Calcula energías cinética y potencial,Aplica conservación de energía mecánica,9°,{CN046},{CN051;CN052},47,3,4,17.9,4,8,55,3,{tipos de energía;conservación},{problemas de energía;montaña rusa},{preguntas tipo ICFES energía},70.0,28,{calcula energías correctamente;aplica conservación},cuantitativo,resolutivo,selección múltiple,activo
CN048,Ciencias Naturales,Física básica,Movimiento uniforme,Velocidad constante y MRU,Indagación,Entorno físico,Analiza movimiento rectilíneo uniforme,Interpreta gráficas posición-tiempo,8°,{CN047},{CN053;CN054},48,2,4,19.2,3,7,60,3,{cinemática básica;gráficas},{simuladores de movimiento;análisis gráfico},{preguntas tipo ICFES movimiento},75.0,21,{calcula velocidad;interpreta gráficas x-t},gráfico-visual,interpretativo,selección múltiple,activo
CN049,Ciencias Naturales,Física básica,Presión,Presión en fluidos y principio de Pascal,Explicación de fenómenos,Entorno físico,Comprende concepto de presión,Aplica principio de Pascal y Arquímedes,9°,{CN048},{CN055;CN056},49,3,3,15.6,4,6,45,3,{presión hidrostática;principios},{problemas de flotación;prensa hidráulica},{preguntas tipo ICFES fluidos},65.0,28,{calcula presión;explica flotación},conceptual-aplicativo,fenomenológico,selección múltiple,activo
CN050,Ciencias Naturales,Biología humana,Sistema nervioso,Neurona y transmisión nerviosa,Uso comprensivo del conocimiento,Entorno vivo,Explica transmisión del impulso nervioso,Relaciona estructura neuronal con función,10°,{CN049},{CN057;CN058},50,3,4,16.3,4,7,40,3,{estructura neuronal;sinapsis},{animaciones de transmisión;reflejos},{preguntas tipo ICFES nervioso},70.0,35,{explica sinapsis;describe arco reflejo},funcional,procesual,selección múltiple,activo
CN051,Ciencias Naturales,Biología humana,Sistema endocrino,Hormonas y regulación,Explicación de fenómenos,Entorno vivo,Identifica glándulas y hormonas principales,Explica regulación hormonal básica,10°,{CN050},{CN059;CN060},51,3,3,14.7,4,6,35,3,{sistema endocrino;hormonas principales},{casos de desbalance;retroalimentación},{preguntas tipo ICFES endocrino},65.0,28,{identifica 8/10 hormonas;explica retroalimentación},regulatorio,sistémico,selección múltiple,activo
CN052,Ciencias Naturales,Ecología aplicada,Problemas ambientales locales,Contaminación y manejo de residuos,Indagación,CTS,Analiza problemas ambientales locales,Propone soluciones de manejo ambiental,9°,{CN051},{CN061;CN062},52,3,4,17.4,3,7,50,3,{problemáticas locales;reciclaje},{estudios de caso;proyectos ambientales},{preguntas tipo ICFES CTS},70.0,21,{identifica problemas;propone 3/5 soluciones},ambiental,proyectivo,selección múltiple,activo
CN053,Ciencias Naturales,Química ambiental,Lluvia ácida,Causas y efectos de la acidificación,Explicación de fenómenos,CTS,Explica formación de lluvia ácida,Relaciona emisiones con acidificación,10°,{CN052},{CN063;CN064},53,3,3,13.8,4,6,35,3,{química atmosférica;pH},{efectos ambientales;casos reales},{preguntas tipo ICFES ambiental},65.0,35,{explica reacciones;identifica consecuencias},químico-ambiental,causal,selección múltiple,activo
CN054,Ciencias Naturales,Física cotidiana,Electricidad doméstica,Circuitos y consumo eléctrico,Uso comprensivo del conocimiento,Entorno físico,Analiza circuitos domésticos simples,Calcula consumo y costo eléctrico,9°,{CN053},{CN065;CN066},54,3,4,16.9,3,7,45,3,{circuitos serie-paralelo;potencia},{cálculo de consumo;seguridad eléctrica},{preguntas tipo ICFES electricidad},70.0,28,{analiza circuitos básicos;calcula consumo en kWh},práctico,aplicativo,selección múltiple,activo
CN055,Ciencias Naturales,Ondas cotidianas,Sonido,Características del sonido y aplicaciones,Explicación de fenómenos,Entorno físico,Identifica propiedades del sonido,Relaciona frecuencia con tono,9°,{CN054},{CN067;CN068},55,3,3,15.3,3,6,40,2,{ondas sonoras;propiedades},{instrumentos musicales;eco},{preguntas tipo ICFES sonido},70.0,21,{identifica propiedades;explica eco y resonancia},auditivo,fenomenológico,selección múltiple,activo
CN056,Ciencias Naturales,Óptica básica,Luz y color,Reflexión refracción y dispersión,Explicación de fenómenos,Entorno físico,Explica fenómenos luminosos básicos,Relaciona con formación de arcoíris y espejos,9°,{CN055},{CN069;CN070},56,3,3,14.8,3,6,40,2,{óptica básica;formación de imágenes},{experimentos con luz;prismas},{preguntas tipo ICFES luz},70.0,28,{explica reflexión y refracción;forma imágenes en espejos},visual,experimental,selección múltiple,activo
CN057,Ciencias Naturales,Genética humana,Grupos sanguíneos,Sistema ABO y factor Rh,Uso comprensivo del conocimiento,Entorno vivo,Determina compatibilidad sanguínea,Resuelve problemas de herencia de grupos sanguíneos,10°,{CN056},{CN071;CN072},57,3,3,13.5,4,6,35,3,{sistema ABO-Rh;compatibilidad},{transfusiones;problemas de herencia},{preguntas tipo ICFES sangre},65.0,35,{determina compatibilidad;predice herencia},genético-aplicado,resolutivo,selección múltiple,activo
CN058,Ciencias Naturales,Reproducción humana,Ciclo menstrual,Fases y regulación hormonal,Explicación de fenómenos,Entorno vivo,Describe fases del ciclo menstrual,Relaciona hormonas con cambios fisiológicos,10°,{CN057},{CN073},58,3,3,12.7,4,5,30,3,{ciclo menstrual;hormonas reproductivas},{gráficas hormonales;fertilidad},{preguntas tipo ICFES reproducción},60.0,28,{identifica fases;relaciona con hormonas},fisiológico,secuencial,selección múltiple,activo
CN059,Ciencias Naturales,Aplicación ICFES,Simulacros completos,Práctica integral ciencias naturales,Indagación,Aplicación integral,Resuelve pruebas tipo ICFES ciencias,Aplica competencias en formato oficial,11°,{CN058},{},59,4,5,28.5,2,15,100,5,{simulacros ICFES;estrategias},{pruebas cronometradas;análisis},{simulacros oficiales},75.0,14,{responde 48/58 correctamente;maneja tiempo},estratégico,integral,simulacro oficial,activo
ING001,Inglés,Gramática A1,Verbo to be,Formas afirmativas negativas e interrogativas,Competencia lingüística,Gramática básica,Identifica formas del verbo to be,Usa correctamente am is are en contextos simples,6°,{},{ING002;ING003},1,1,5,22.5,3,5,60,2,{videos básicos de gramática;tablas de conjugación},{ejercicios de completar;diálogos simples},{preguntas tipo ICFES parte 4},80.0,21,{completa 8/10 oraciones correctamente;forma preguntas básicas},visual-auditivo,repetitivo,selección múltiple,activo
ING002,Inglés,Gramática A1,Presente simple,Rutinas y actividades diarias,Competencia lingüística,Gramática básica,Construye oraciones en presente simple,Describe rutinas usando tercera persona correctamente,7°,{ING001},{ING004;ING005},2,1,5,20.3,4,6,70,3,{reglas del presente simple;verbos comunes},{ejercicios de rutinas;descripciones diarias},{preguntas tipo ICFES parte 4},75.0,28,{usa -s en tercera persona;forma negativas con don't/doesn't},visual-kinestésico,comunicativo,selección múltiple,activo
ING003,Inglés,Vocabulario A1,Familia y amigos,Relaciones familiares básicas,Competencia lexical,Vocabulario básico,Identifica vocabulario de familia,Reconoce mother father sister brother etc,6°,{ING001},{ING006;ING007},3,1,4,18.7,2,4,50,2,{flashcards de familia;árboles genealógicos},{ejercicios de relaciones;descripciones familiares},{preguntas tipo ICFES parte 2},85.0,14,{identifica 15/20 palabras de familia;describe su familia},visual,asociativo,selección múltiple,activo
ING004,Inglés,Gramática A2,Presente continuo,Acciones en progreso,Competencia lingüística,Gramática intermedia,Forma el presente continuo correctamente,Usa -ing y verbo to be para acciones actuales,8°,{ING002},{ING008;ING009},4,2,5,19.8,4,7,65,3,{estructura del presente continuo;usos específicos},{ejercicios de acciones actuales;descripciones de imágenes},{preguntas tipo ICFES parte 4},75.0,21,{forma gerundios correctamente;distingue de presente simple},auditivo-visual,comparativo,selección múltiple,activo
ING005,Inglés,Vocabulario A2,Lugares y direcciones,Vocabulario de ciudad y ubicación,Competencia lexical,Vocabulario funcional,Identifica lugares comunes de la ciudad,Reconoce bank hospital school street etc,7°,{ING003},{ING010;ING011},5,2,4,17.5,3,5,55,2,{mapas ilustrados;vocabulario de lugares},{ejercicios de direcciones;diálogos de ubicación},{preguntas tipo ICFES parte 1},80.0,21,{identifica 20/25 lugares;da direcciones simples},visual-espacial,contextual,selección múltiple,activo
ING006,Inglés,Gramática A2,Pasado simple,Verbos regulares e irregulares,Competencia lingüística,Gramática intermedia,Usa el pasado simple correctamente,Forma pasado de verbos regulares e irregulares comunes,8°,{ING004},{ING012;ING013},6,2,5,21.2,5,8,75,4,{lista de verbos irregulares;reglas del -ed},{ejercicios de narración;historias en pasado},{preguntas tipo ICFES parte 4},70.0,35,{conjuga 30/40 verbos irregulares;narra eventos pasados},memorístico,repetitivo,selección múltiple,activo
ING007,Inglés,Comprensión A2,Textos descriptivos,Comprensión de descripciones simples,Competencia pragmática,Lectura literal,Comprende información explícita en textos,Identifica detalles específicos en descripciones,8°,{ING005},{ING014;ING015},7,2,4,16.9,3,6,50,3,{textos descriptivos simples;estrategias de lectura},{ejercicios de comprensión;preguntas directas},{preguntas tipo ICFES parte 5},75.0,28,{responde 7/10 preguntas literales;identifica información específica},lector-visual,scanning,selección múltiple,activo
ING008,Inglés,Gramática B1,Presente perfecto,Experiencias y acciones completadas,Competencia lingüística,Gramática avanzada,Forma y usa el presente perfecto,Usa have/has + participio correctamente,9°,{ING006},{ING016;ING017},8,3,5,18.6,5,9,70,4,{estructura del presente perfecto;participios},{ejercicios de experiencias;diferencia con pasado simple},{preguntas tipo ICFES parte 7},65.0,35,{forma participios correctamente;usa for/since},analítico,contrastivo,selección múltiple,activo
ING009,Inglés,Vocabulario B1,Trabajo y profesiones,Vocabulario laboral y ocupacional,Competencia lexical,Vocabulario especializado,Identifica vocabulario de profesiones,Reconoce y usa términos laborales comunes,9°,{ING007},{ING018;ING019},9,3,4,15.4,4,6,45,3,{vocabulario de profesiones;descripción de trabajos},{ejercicios de roles laborales;entrevistas},{preguntas tipo ICFES parte 7},70.0,28,{identifica 25/30 profesiones;describe responsabilidades laborales},contextual,role-play,selección múltiple,activo
ING010,Inglés,Comprensión B1,Textos argumentativos,Comprensión de opiniones y argumentos,Competencia pragmática,Lectura inferencial,Infiere información implícita,Identifica opiniones y puntos de vista en textos,10°,{ING008},{ING020;ING021},10,3,5,17.8,4,7,55,4,{textos de opinión;marcadores de argumento},{análisis de argumentos;identificación de posturas},{preguntas tipo ICFES parte 6},65.0,35,{identifica 6/10 inferencias;reconoce opiniones del autor},crítico-analítico,inferencial,selección múltiple,activo
ING011,Inglés,Gramática B1,Condicionales,Primer y segundo condicional,Competencia lingüística,Gramática avanzada,Construye oraciones condicionales,Usa if + will y if + would correctamente,10°,{ING009},{ING022;ING023},11,3,4,14.3,5,8,60,4,{tipos de condicionales;usos específicos},{ejercicios de situaciones hipotéticas;consecuencias},{preguntas tipo ICFES parte 7},60.0,42,{forma condicionales tipo 1 y 2;distingue situaciones reales/irreales},lógico,situacional,selección múltiple,activo
ING012,Inglés,Funciones comunicativas,Invitaciones y sugerencias,Expresiones para invitar y sugerir,Competencia pragmática,Funciones sociales,Identifica funciones comunicativas,Reconoce Would you like Let's How about,8°,{ING010},{ING024;ING025},12,2,4,16.7,3,5,50,2,{expresiones sociales;contextos de uso},{diálogos sociales;situaciones cotidianas},{preguntas tipo ICFES parte 3},75.0,21,{identifica función en 8/10 contextos;usa expresiones apropiadas},comunicativo,funcional,selección múltiple,activo
ING013,Inglés,Vocabulario contextual,Conectores lógicos,Palabras de enlace y cohesión,Competencia lingüística,Cohesión textual,Identifica conectores apropiados,Usa however therefore although because,9°,{ING011},{ING026;ING027},13,3,5,18.9,4,7,55,3,{lista de conectores;funciones específicas},{ejercicios de cohesión;completar textos},{preguntas tipo ICFES parte 7},70.0,28,{selecciona conector correcto 7/10 veces;mejora cohesión textual},textual,gap-filling,selección múltiple,activo
ING014,Inglés,Comprensión global,Ideas principales,Identificación del tema central,Competencia pragmática,Comprensión global,Identifica la idea principal del texto,Reconoce el mensaje central en párrafos,9°,{ING012},{ING028;ING029},14,2,4,17.2,3,6,45,3,{estrategias de skimming;identificación de temas},{ejercicios de síntesis;resúmenes},{preguntas tipo ICFES parte 6},75.0,21,{identifica tema en 8/10 textos;resume ideas principales},holístico,skimming,selección múltiple,activo
ING015,Inglés,Aplicación ICFES,Simulacros completos,Práctica integral de inglés,Competencia comunicativa,Aplicación integral,Resuelve pruebas tipo ICFES inglés,Aplica todas las competencias en formato oficial,11°,{ING013;ING014},{},15,3,5,25.6,2,10,80,4,{simulacros ICFES;estrategias de examen},{pruebas cronometradas;análisis de errores},{simulacros oficiales ICFES},75.0,14,{completa 45/55 preguntas correctamente;maneja tiempo},estratégico,intensivo,simulacro oficial,activo
SOC001,Sociales y Ciudadanas,Competencias ciudadanas,Derechos fundamentales,Derechos constitucionales básicos,Pensamiento social,Constitución,Identifica derechos fundamentales,Reconoce derechos de primera generación,8°,{},{SOC002;SOC003},1,2,5,24.5,3,5,45,2,{Constitución de 1991;videos explicativos},{casos de derechos;análisis de situaciones},{preguntas tipo ICFES de derechos},80.0,28,{identifica 15/20 derechos;aplica en casos concretos},reflexivo,caso-estudio,selección múltiple,activo
SOC002,Sociales y Ciudadanas,Competencias ciudadanas,Mecanismos de participación,El voto y otros mecanismos democráticos,Pensamiento social,Democracia,Conoce mecanismos de participación ciudadana,Identifica voto referendo plebiscito tutela,9°,{SOC001},{SOC004;SOC005},2,3,5,22.1,4,6,50,3,{mecanismos democráticos;videos de participación},{ejercicios de aplicación;casos reales},{preguntas tipo ICFES participación},75.0,21,{distingue 7/8 mecanismos;aplica según situación},participativo,aplicativo,selección múltiple,activo
SOC003,Sociales y Ciudadanas,Competencias ciudadanas,Ramas del poder público,División de poderes en Colombia,Interpretación y análisis,Estado,Identifica las tres ramas del poder,Reconoce funciones ejecutiva legislativa judicial,9°,{SOC002},{SOC006;SOC007},3,2,5,20.8,3,5,40,2,{estructura del Estado;organigrama},{análisis de funciones;casos de competencias},{preguntas tipo ICFES sobre Estado},80.0,21,{identifica funciones de cada rama;relaciona con instituciones},analítico,estructural,selección múltiple,activo
SOC004,Sociales y Ciudadanas,Historia de Colombia,Independencia,Proceso independentista 1810-1819,Pensamiento reflexivo,Historia nacional,Comprende el proceso de independencia,Identifica causas acontecimientos y consecuencias,9°,{SOC003},{SOC008;SOC009},4,3,5,19.6,4,7,55,3,{cronología de independencia;personajes clave},{análisis de causas;mapas históricos},{preguntas tipo ICFES historia},75.0,35,{identifica fechas clave;explica causas y consecuencias},histórico,cronológico,selección múltiple,activo
SOC005,Sociales y Ciudadanas,Historia de Colombia,Siglo XX,Violencia bipartidista y Frente Nacional,Pensamiento reflexivo,Historia contemporánea,Analiza la violencia del siglo XX,Comprende período 1948-1958 y Frente Nacional,10°,{SOC004},{SOC010;SOC011},5,4,5,21.3,5,8,60,4,{violencia bipartidista;documentales},{análisis de fuentes;interpretación de datos},{preguntas tipo ICFES siglo XX},70.0,28,{explica causas de la violencia;analiza consecuencias del Frente Nacional},crítico-histórico,analítico,selección múltiple,activo
SOC006,Sociales y Ciudadanas,Geografía,Regiones de Colombia,Características regionales del país,Interpretación y análisis,Geografía nacional,Identifica regiones naturales de Colombia,Reconoce Andina Caribe Pacífica Orinoquía Amazonía,8°,{SOC005},{SOC012;SOC013},6,2,4,18.4,3,6,45,2,{mapas de Colombia;características regionales},{ejercicios de ubicación;comparación regional},{preguntas tipo ICFES geografía},80.0,21,{ubica 5/6 regiones;describe características principales},visual-espacial,cartográfico,selección múltiple,activo
SOC007,Sociales y Ciudadanas,Geografía,Recursos naturales,Recursos renovables y no renovables,Interpretación y análisis,Medio ambiente,Clasifica recursos naturales,Distingue recursos renovables de no renovables,8°,{SOC006},{SOC014;SOC015},7,2,4,17.8,3,5,40,2,{tipos de recursos;sostenibilidad},{casos ambientales;análisis de explotación},{preguntas tipo ICFES recursos},75.0,28,{clasifica 8/10 recursos;evalúa sostenibilidad},ambiental,clasificatorio,selección múltiple,activo
SOC008,Sociales y Ciudadanas,Economía,Sectores económicos,Primario secundario y terciario,Pensamiento sistémico,Economía básica,Identifica sectores de la economía,Clasifica actividades económicas por sector,9°,{SOC007},{SOC016;SOC017},8,2,4,16.9,3,6,45,3,{sectores económicos;ejemplos colombianos},{clasificación de actividades;análisis sectorial},{preguntas tipo ICFES economía},75.0,21,{clasifica 12/15 actividades;relaciona con desarrollo},económico,categórico,selección múltiple,activo
SOC009,Sociales y Ciudadanas,Economía,Globalización,Efectos de la globalización en Colombia,Pensamiento sistémico,Economía global,Comprende el proceso de globalización,Analiza efectos económicos sociales y culturales,10°,{SOC008},{SOC018;SOC019},9,3,4,15.7,4,7,50,3,{globalización;tratados comerciales},{análisis de impactos;casos colombianos},{preguntas tipo ICFES globalización},70.0,35,{identifica 5/7 efectos;evalúa ventajas y desventajas},sistémico-global,evaluativo,selección múltiple,activo
SOC010,Sociales y Ciudadanas,Conflicto armado,Actores del conflicto,Guerrilla paramilitarismo narcotráfico,Pensamiento reflexivo,Conflicto interno,Identifica actores del conflicto armado,Comprende dinámicas del conflicto colombiano,11°,{SOC009},{SOC020;SOC021},10,4,5,18.9,5,8,55,4,{historia del conflicto;actores armados},{análisis de causas;consecuencias sociales},{preguntas tipo ICFES conflicto},65.0,42,{identifica actores principales;analiza causas estructurales},crítico-reflexivo,multicausal,selección múltiple,activo
SOC011,Sociales y Ciudadanas,Derechos humanos,DIH,Derecho Internacional Humanitario,Pensamiento social,Marco legal,Comprende principios del DIH,Aplica DIH a situaciones de conflicto,11°,{SOC010},{SOC022;SOC023},11,4,4,14.3,4,6,40,3,{convenios de Ginebra;principios DIH},{casos de aplicación;análisis de violaciones},{preguntas tipo ICFES DIH},65.0,35,{identifica principios básicos;aplica a casos concretos},humanitario,casuístico,selección múltiple,activo
SOC012,Sociales y Ciudadanas,Multiculturalidad,Diversidad étnica,Grupos étnicos de Colombia,Interpretación y análisis,Diversidad,Reconoce la diversidad étnica colombiana,Identifica grupos indígenas afros rom raizales,9°,{SOC011},{SOC024;SOC025},12,3,4,16.5,3,5,45,2,{diversidad étnica;derechos diferenciados},{mapas étnicos;casos de discriminación},{preguntas tipo ICFES diversidad},70.0,28,{identifica grupos étnicos;reconoce derechos especiales},intercultural,inclusivo,selección múltiple,activo
SOC013,Sociales y Ciudadanas,América Latina,Independencias,Procesos independentistas latinoamericanos,Pensamiento reflexivo,Historia regional,Comprende independencias latinoamericanas,Compara procesos independentistas en América,10°,{SOC012},{SOC026;SOC027},13,3,3,13.8,4,6,40,3,{independencias comparadas;líderes},{análisis comparativo;mapas históricos},{preguntas tipo ICFES América},65.0,35,{compara 3/4 procesos;identifica similitudes y diferencias},comparativo,regional,selección múltiple,activo
SOC014,Sociales y Ciudadanas,Mundo contemporáneo,Guerra Fría,Bipolaridad mundial 1945-1991,Pensamiento sistémico,Historia mundial,Comprende la Guerra Fría,Analiza bipolaridad USA-URSS y efectos,10°,{SOC013},{SOC028;SOC029},14,3,3,12.9,4,6,35,3,{Guerra Fría;bloques ideológicos},{análisis de conflictos;consecuencias},{preguntas tipo ICFES mundial},60.0,35,{explica bipolaridad;identifica conflictos derivados},geopolítico,contextual,selección múltiple,activo
SOC015,Sociales y Ciudadanas,Aplicación ICFES,Simulacros completos,Práctica integral sociales y ciudadanas,Pensamiento integral,Aplicación ICFES,Resuelve pruebas tipo ICFES sociales,Aplica competencias en formato oficial,11°,{SOC014},{},15,4,5,26.7,2,12,80,5,{simulacros ICFES;guías de estudio},{pruebas cronometradas;análisis},{simulacros oficiales},75.0,14,{responde 40/50 correctamente;maneja tiempo},estratégico,integral,simulacro oficial,activo