codigo_tema,area_evaluada,tema_principal,canal_sugerido,youtube_url,youtube_video_id
CN001,Ciencias Naturales,Estructura celular,@educatina,https://www.youtube.com/watch?v=EBjcb2C6RW0,EBjcb2C6RW0
CN002,Ciencias Naturales,Procesos vitales - Respiración celular,@educatina,https://www.youtube.com/watch?v=YefwfJ8IpEI,YefwfJ8IpEI
CN003,Ciencias Naturales,Genética básica - Leyes de Mendel,@educatina,https://www.youtube.com/watch?v=LXXK2l1pdv8,LXXK2l1pdv8
CN004,Ciencias Naturales,Procesos vitales - Fotosíntesis,@educatina,https://www.youtube.com/watch?v=sSYV0FcHbPk,sSYV0FcHbPk
CN005,Ciencias Naturales,Transporte celular,@educatina,https://www.youtube.com/watch?v=yzkohlVwaB8,yzkohlVwaB8
CN006,Ciencias Naturales,Mitosis,@educatina,https://www.youtube.com/watch?v=nmB7db5gPW8,nmB7db5gPW8
CN007,Ciencias Naturales,Meiosis,@educatina,https://www.youtube.com/watch?v=FphFxayBcX0,FphFxayBcX0
CN008,Ciencias Naturales,ADN y ARN (visión general / transcripción),@educatina,https://www.youtube.com/watch?v=LAFIV747j4c,LAFIV747j4c
CN009,Ciencias Naturales,Síntesis de proteínas,@educatina,https://www.youtube.com/watch?v=6VIkfSvB02w,6VIkfSvB02w
CN010,Ciencias Naturales,Mutaciones,@educatina,https://www.youtube.com/watch?v=FPjAXI0UHC8,FPjAXI0UHC8
CN011,Ciencias Naturales,Biomoléculas - Carbohidratos (glúcidos),@unProfesor,https://www.youtube.com/watch?v=9_p8ucAG3Iw,9_p8ucAG3Iw
CN012,Ciencias Naturales,Biomoléculas - Proteínas,@educatina,https://www.youtube.com/watch?v=Q03JCbEH2QQ,Q03JCbEH2QQ
CN013,Ciencias Naturales,Biomoléculas - Lípidos,@educatina,https://www.youtube.com/watch?v=iUJGSgglBL8,iUJGSgglBL8
CN014,Ciencias Naturales,Enzimas,@educatina,https://www.youtube.com/watch?v=U1BqsQR8HMQ,U1BqsQR8HMQ
CN015,Ciencias Naturales,Sistema digestivo,@educatina,https://www.youtube.com/watch?v=_bd9QwUMGjU,_bd9QwUMGjU
CN016,Ciencias Naturales,Sistema respiratorio,@educatina,https://www.youtube.com/watch?v=Wq_bPoRTn7I,Wq_bPoRTn7I
CN017,Ciencias Naturales,Sistema circulatorio,@educatina,https://www.youtube.com/watch?v=l_izwVU2MTI,l_izwVU2MTI
CN018,Ciencias Naturales,Sistema excretor,@educatina,https://www.youtube.com/watch?v=f6rJ83TRm_g,f6rJ83TRm_g
CN019,Ciencias Naturales,Sistema nervioso,@educatina,https://www.youtube.com/watch?v=krqempHBRAc,krqempHBRAc
CN020,Ciencias Naturales,Sistema endocrino,@educatina,https://www.youtube.com/watch?v=TTdvcTW1q8k,TTdvcTW1q8k
CN021,Ciencias Naturales,Sistema inmunológico,@educatina,https://www.youtube.com/watch?v=pwhLRga2pg4,pwhLRga2pg4
CN022,Ciencias Naturales,Sistema reproductor,@educatina,https://www.youtube.com/watch?v=mFrsphXEQAc,mFrsphXEQAc
CN023,Ciencias Naturales,Sistema óseo,@educatina,https://www.youtube.com/watch?v=M_AQMAWbbls,M_AQMAWbbls
CN024,Ciencias Naturales,Sistema muscular,@educatina,https://www.youtube.com/watch?v=h5BZSYi7YRY,h5BZSYi7YRY
CN025,Ciencias Naturales,Los sentidos,@educatina,https://www.youtube.com/watch?v=IhO5Je1Puyw,IhO5Je1Puyw
CN026,Ciencias Naturales,Evolución - Teoría de Darwin,@educatina,https://www.youtube.com/watch?v=wQ7feKn0vyc,wQ7feKn0vyc
CN027,Ciencias Naturales,Adaptaciones,@educatina,https://www.youtube.com/watch?v=A_dc33rlvCM,A_dc33rlvCM
CN028,Ciencias Naturales,Selección natural,@educatina,https://www.youtube.com/watch?v=Hut5uxHda38,Hut5uxHda38
CN029,Ciencias Naturales,Especiación,@educatina,https://www.youtube.com/watch?v=jQFSCmSu5XM,jQFSCmSu5XM
CN030,Ciencias Naturales,Evidencias de la evolución,@educatina,https://www.youtube.com/watch?v=wI4TT8aJuos,wI4TT8aJuos
CN031,Ciencias Naturales,Ecosistemas,@educatina,https://www.youtube.com/watch?v=QDCohXW6blg,QDCohXW6blg
CN032,Ciencias Naturales,Cadenas y redes tróficas,@educatina,https://www.youtube.com/watch?v=RDBlt6vBLxI,RDBlt6vBLxI
CN033,Ciencias Naturales,Ciclos biogeoquímicos,@educatina,https://www.youtube.com/watch?v=qZ7Y92MRpno,qZ7Y92MRpno
CN034,Ciencias Naturales,Relaciones ecológicas,@educatina,https://www.youtube.com/watch?v=KYldDXWI0EY,KYldDXWI0EY
CN035,Ciencias Naturales,Biomas,@educatina,https://www.youtube.com/watch?v=BLrh75xaymE,BLrh75xaymE
CN036,Ciencias Naturales,Biodiversidad,@educatina,https://www.youtube.com/watch?v=IKVXwH0-gTc,IKVXwH0-gTc
CN037,Ciencias Naturales,Contaminación ambiental,@educatina,https://www.youtube.com/watch?v=Xvno5NeanxU,Xvno5NeanxU
CN038,Ciencias Naturales,Cambio climático,@educatina,https://www.youtube.com/watch?v=60go-4haeXw,60go-4haeXw
CN039,Ciencias Naturales,Recursos naturales,@educatina,https://www.youtube.com/watch?v=xfvuQSJD2HM,xfvuQSJD2HM
CN040,Ciencias Naturales,Desarrollo sostenible,@educatina,https://www.youtube.com/watch?v=PKS22hWZfKU,PKS22hWZfKU
CN041,Ciencias Naturales,Cinemática - MRU,@julioprofe,https://www.youtube.com/watch?v=9HGddSe77hM,9HGddSe77hM
CN042,Ciencias Naturales,Cinemática - MRUV,@julioprofe,https://www.youtube.com/watch?v=6lb7_rP0bY0,6lb7_rP0bY0
CN043,Ciencias Naturales,Caída libre,@julioprofe,https://www.youtube.com/watch?v=a4iiyGTMl2Q,a4iiyGTMl2Q
CN044,Ciencias Naturales,Movimiento parabólico,@julioprofe,https://www.youtube.com/watch?v=6eOlMVv7Aj0,6eOlMVv7Aj0
CN045,Ciencias Naturales,Movimiento circular,@julioprofe,https://www.youtube.com/watch?v=LQb_Bgq7u4Y,LQb_Bgq7u4Y
CN046,Ciencias Naturales,Leyes de Newton,@julioprofe,https://www.youtube.com/watch?v=ldfwAuE4Rho,ldfwAuE4Rho
CN047,Ciencias Naturales,Fuerza y tipos de fuerzas,@julioprofe,https://www.youtube.com/watch?v=E-PDr7O8hh0,E-PDr7O8hh0
CN048,Ciencias Naturales,Trabajo y energía,@julioprofe,https://www.youtube.com/watch?v=Kmg5h1mqmto,Kmg5h1mqmto
CN049,Ciencias Naturales,Conservación de la energía,@julioprofe,https://www.youtube.com/watch?v=EXeUfZd2f78,EXeUfZd2f78
CN050,Ciencias Naturales,Potencia mecánica,@julioprofe,https://www.youtube.com/watch?v=IhsCqOe72K8,IhsCqOe72K8
CN051,Ciencias Naturales,Movimiento circular,@julioprofe,https://www.youtube.com/watch?v=v6J_bFLZCFE,v6J_bFLZCFE
CN052,Ciencias Naturales,Problemas ambientales,@educatina,https://www.youtube.com/watch?v=QjmIIKWeWg4,QjmIIKWeWg4
CN053,Ciencias Naturales,Leyes de Newton,@julioprofe,https://www.youtube.com/watch?v=dWi5BIWVcfY,dWi5BIWVcfY
CN054,Ciencias Naturales,Trabajo y potencia,@julioprofe,https://www.youtube.com/watch?v=tB5-NPxqueQ,tB5-NPxqueQ
CN055,Ciencias Naturales,Impulso y momento,@julioprofe,https://www.youtube.com/watch?v=cDvgPFbZNmI,cDvgPFbZNmI
CN056,Ciencias Naturales,Fluidos estática,@educatina,https://www.youtube.com/watch?v=lkA47yDKGBc,lkA47yDKGBc
CN057,Ciencias Naturales,Ondas mecánicas,@educatina,https://www.youtube.com/watch?v=YQ8vaRi4liE,YQ8vaRi4liE
CN058,Ciencias Naturales,Sonido,@educatina,https://www.youtube.com/watch?v=-4zBAVWdGgc,-4zBAVWdGgc
CN059,Ciencias Naturales,Óptica,@julioprofe,https://www.youtube.com/watch?v=IvxFRJcWZbQ,IvxFRJcWZbQ
CN060,Ciencias Naturales,Termodinámica,@educatina,https://www.youtube.com/watch?v=nS0WQIfVbaM,nS0WQIfVbaM
CN061,Ciencias Naturales,Electricidad,@julioprofe,https://www.youtube.com/watch?v=6BPukbJ_ig0,6BPukbJ_ig0
CN062,Ciencias Naturales,Magnetismo,@educatina,https://www.youtube.com/watch?v=lvrhYWjFQ9c,lvrhYWjFQ9c
CN063,Ciencias Naturales,Cambio climático,@educatina,https://www.youtube.com/watch?v=25w7nJOYQXI,25w7nJOYQXI
CN064,Ciencias Naturales,Biodiversidad,@educatina,https://www.youtube.com/watch?v=usDVb2JWhHo,usDVb2JWhHo
CN065,Ciencias Naturales,Recursos naturales,@educatina,https://www.youtube.com/watch?v=rEffBaP7Q2E,rEffBaP7Q2E
CN066,Ciencias Naturales,Biotecnología,@educatina,https://www.youtube.com/watch?v=YYXKeHXtTEA,YYXKeHXtTEA
CN067,Ciencias Naturales,Método científico,@educatina,https://www.youtube.com/watch?v=2GrTk0Pd3Kk,2GrTk0Pd3Kk
CN068,Ciencias Naturales,Variables y control experimental,@educatina,https://www.youtube.com/watch?v=IvxFRJcWZbQ&t=180,IvxFRJcWZbQ
CN069,Ciencias Naturales,Análisis de datos,@educatina,https://www.youtube.com/watch?v=FY2YL4zSJ3o,FY2YL4zSJ3o
CN070,Ciencias Naturales,Medicina y salud,@educatina,https://www.youtube.com/watch?v=7Dh73VvLK0M,7Dh73VvLK0M
CN071,Ciencias Naturales,Reacciones químicas,@educatina,https://www.youtube.com/watch?v=RdDFpL0pnT0,RdDFpL0pnT0
CN072,Ciencias Naturales,Estequiometría,@educatina,https://www.youtube.com/watch?v=aLTq2_GEhNg,aLTq2_GEhNg
CN073,Ciencias Naturales,Soluciones y concentraciones,@educatina,https://www.youtube.com/watch?v=gGRJD7RFCBo,gGRJD7RFCBo
CN074,Ciencias Naturales,Ácidos y bases,@educatina,https://www.youtube.com/watch?v=pgY6BT0hwcA,pgY6BT0hwcA
CN075,Ciencias Naturales,pH,@educatina,https://www.youtube.com/watch?v=YXNMfJVjMWM,YXNMfJVjMWM
EXTRA001,Ciencias Extras,El método científico,Various,https://www.youtube.com/watch?v=dGqO-oPZAD0,dGqO-oPZAD0
EXTRA002,Ciencias Extras,Cambio climático global,Various,https://www.youtube.com/watch?v=2HYx8aItmXc,2HYx8aItmXc
EXTRA003,Ciencias Extras,Biotecnología moderna,Various,https://www.youtube.com/watch?v=QWR6mTv3-lY,QWR6mTv3-lY
EXTRA004,Ciencias Extras,Recursos naturales sostenibles,Various,https://www.youtube.com/watch?v=na3X5Jr5n9Q,na3X5Jr5n9Q
EXTRA005,Sociales,Hábeas data,Various,https://www.youtube.com/watch?v=Fo7h8IhWgBk,Fo7h8IhWgBk
ING001,Inglés,Verbo to be,Various,https://www.youtube.com/watch?v=DR8wMiA2utk,DR8wMiA2utk
ING002,Inglés,Presente simple,Various,https://www.youtube.com/watch?v=SLz56Iegrtg,SLz56Iegrtg
ING003,Inglés,Preguntas WH,Various,https://www.youtube.com/watch?v=XEYi7Z3-G10,XEYi7Z3-G10
ING004,Inglés,Presente continuo,Various,https://www.youtube.com/watch?v=Bcz-le6qEWk,Bcz-le6qEWk
ING005,Inglés,Futuro con will,Various,https://www.youtube.com/watch?v=y5LLW9tF-qk,y5LLW9tF-qk
ING006,Inglés,Pasado simple,Various,https://www.youtube.com/watch?v=jrgAzqJpPZs,jrgAzqJpPZs
ING007,Inglés,Futuro con going to,Various,https://www.youtube.com/watch?v=KL5x0fLdhns,KL5x0fLdhns
ING008,Inglés,Presente perfecto,Various,https://www.youtube.com/watch?v=tYzFJ7PIQZo,tYzFJ7PIQZo
ING009,Inglés,Pasado continuo,Various,https://www.youtube.com/watch?v=wtJxYg42GbM,wtJxYg42GbM
ING010,Inglés,Presente perfecto continuo,Various,https://www.youtube.com/watch?v=Mv_SfA6pUYk,Mv_SfA6pUYk
ING011,Inglés,Condicionales,Various,https://www.youtube.com/watch?v=sXNYeHbfqNE,sXNYeHbfqNE
ING012,Inglés,Voz pasiva,Various,https://www.youtube.com/watch?v=jCg-APa7DLE,jCg-APa7DLE
ING013,Inglés,Vocabulario: familia y hogar,Various,https://www.youtube.com/watch?v=Ecdp8V5b-lI,Ecdp8V5b-lI
ING014,Inglés,Números y hora,Various,https://www.youtube.com/watch?v=Q2k-qn81BQE,Q2k-qn81BQE
ING015,Inglés,Vocabulario: trabajo y estudio,Various,https://www.youtube.com/watch?v=YOjscbY3H3U,YOjscbY3H3U
ING016,Inglés,Vocabulario: viajes y transporte,Various,https://www.youtube.com/watch?v=PS_r-zYpChY,PS_r-zYpChY
ING017,Inglés,Emociones y opiniones,Various,https://www.youtube.com/watch?v=r1OLwObAunU,r1OLwObAunU
ING018,Inglés,Lectura A1 (avisos),Various,https://www.youtube.com/watch?v=q4wP7_UF7uE,q4wP7_UF7uE
ING019,Inglés,Lectura A2 (textos cortos),Various,https://www.youtube.com/watch?v=pS-MrW3naLw,pS-MrW3naLw
ING020,Inglés,Lectura B1 (argumentativos),Various,https://www.youtube.com/watch?v=fWkzO7WchbU,fWkzO7WchbU
ING021,Inglés,Conversación A2 (diálogos),Various,https://www.youtube.com/watch?v=v_fMtDLE_eU,v_fMtDLE_eU
ING022,Inglés,Conversación B1 (opiniones),Various,https://www.youtube.com/watch?v=LocofuQSlTw,LocofuQSlTw
ING023,Inglés,Preposiciones de lugar,Various,https://www.youtube.com/watch?v=HsrzKmWcMKE,HsrzKmWcMKE
ING024,Inglés,Preposiciones de tiempo,Various,https://www.youtube.com/watch?v=FqYhU-dWab0,FqYhU-dWab0
ING025,Inglés,Artículos a/an/the,Various,https://www.youtube.com/watch?v=jtK5soN2WlU,jtK5soN2WlU
ING026,Inglés,Comparativos,Various,https://www.youtube.com/watch?v=ZblhWXBH2tU,ZblhWXBH2tU
ING027,Inglés,Superlativos,Various,https://www.youtube.com/watch?v=QnKcmlP96m4,QnKcmlP96m4
ING028,Inglés,Modales: can/could,Various,https://www.youtube.com/watch?v=pGsjrZ3rtu0,pGsjrZ3rtu0
ING029,Inglés,Modales: must/should,Various,https://www.youtube.com/watch?v=rXzWJ2drwoc,rXzWJ2drwoc
ING030,Inglés,Modales: may/might,Various,https://www.youtube.com/watch?v=RXlJGVmIpiU,RXlJGVmIpiU
ING031,Inglés,Conectores básicos,Various,https://www.youtube.com/watch?v=D1XQPZL7t_8,D1XQPZL7t_8
ING032,Inglés,Conectores avanzados,Various,https://www.youtube.com/watch?v=PB9gWBsftjg,PB9gWBsftjg
ING033,Inglés,Phrasal verbs básicos,Various,https://www.youtube.com/watch?v=z3OYvk3h-P8,z3OYvk3h-P8
ING034,Inglés,Reported speech,Various,https://www.youtube.com/watch?v=44TslHmtWEA,44TslHmtWEA
ING035,Inglés,Imperativos,Various,https://www.youtube.com/watch?v=da6V1zOlZiw,da6V1zOlZiw
ING036,Inglés,Expresiones de tiempo,Various,https://www.youtube.com/watch?v=1WwKZVfSxJw,1WwKZVfSxJw
ING037,Inglés,Inferencia en contexto,Various,https://www.youtube.com/watch?v=NPM9ldQk8PM,NPM9ldQk8PM
ING038,Inglés,Parafraseo,Various,https://www.youtube.com/watch?v=h65J9m2coGw,h65J9m2coGw
ING039,Inglés,Concordancia gramatical,Various,https://www.youtube.com/watch?v=wh6kQn_wY94,wh6kQn_wY94
ING040,Inglés,Estrategias de lectura,Various,https://www.youtube.com/watch?v=ajwnJSA3mhA,ajwnJSA3mhA
LC001,Lectura Crítica,Comprensión literal - Información explícita,@educatina,https://www.youtube.com/watch?v=r9Nyb62CAuM,r9Nyb62CAuM
LC002,Lectura Crítica,Comprensión literal - Ideas principales,@educatina,https://www.youtube.com/watch?v=sNYkk_nRf8U,sNYkk_nRf8U
LC003,Lectura Crítica,Comprensión literal - Vocabulario en contexto,@educatina,https://www.youtube.com/watch?v=SMTd3jqh6dY,SMTd3jqh6dY
LC004,Lectura Crítica,Información implícita,@educatina,https://www.youtube.com/watch?v=i2UV6Q3ZFag,i2UV6Q3ZFag
LC005,Lectura Crítica,Conectores y sinónimos,@educatina,https://www.youtube.com/watch?v=5of0bV8YQeQ,5of0bV8YQeQ
LC006,Lectura Crítica,Figuras literarias,@unProfesor,https://www.youtube.com/watch?v=FJpPp9PbOmg,FJpPp9PbOmg
LC007,Lectura Crítica,Análisis crítico - Intención del autor,@unProfesor,https://www.youtube.com/watch?v=4wVwPriNQhU,4wVwPriNQhU
LC008,Lectura Crítica,Texto informativo,@educatina,https://www.youtube.com/watch?v=tsjYcJYK2IY,tsjYcJYK2IY
LC009,Lectura Crítica,Texto narrativo,@educatina,https://www.youtube.com/watch?v=usIEje7jr58,usIEje7jr58
LC010,Lectura Crítica,Texto expositivo,@educatina,https://www.youtube.com/watch?v=gG64_pL1q0M,gG64_pL1q0M
LC011,Lectura Crítica,Tipos de texto - Textos argumentativos,@educatina,https://www.youtube.com/watch?v=PMFiooFtNrc,PMFiooFtNrc
LC012,Lectura Crítica,Premisas y conclusiones,@educatina,https://www.youtube.com/watch?v=1j8cNzuutQs,1j8cNzuutQs
LC013,Lectura Crítica,Falacias y errores argumentativos,@educatina,https://www.youtube.com/watch?v=pmnkdVyNLTA,pmnkdVyNLTA
LC014,Lectura Crítica,Textos filosóficos,@educatina,https://www.youtube.com/watch?v=wRZ_ocAuGNQ,wRZ_ocAuGNQ
LC015,Lectura Crítica,Textos discontinuos - Infografías,@icfescol,https://www.youtube.com/watch?v=H0bHfyxTZ9k,H0bHfyxTZ9k
LC016,Lectura Crítica,Textos discontinuos - Caricaturas y cómics,@icfescol,https://www.youtube.com/watch?v=uLyTiKCpVq4,uLyTiKCpVq4
LC017,Lectura Crítica,Tipos de oraciones,@unProfesor,https://www.youtube.com/watch?v=l7IcHaxef80,l7IcHaxef80
LC018,Lectura Crítica,Estructura del párrafo,@unProfesor,https://www.youtube.com/watch?v=7x9gTual08Y,7x9gTual08Y
LC019,Lectura Crítica,Estrategias de argumentación,@educatina,https://www.youtube.com/watch?v=A6Uk0nPW0PM,A6Uk0nPW0PM
LC020,Lectura Crítica,Comprensión global del texto,@educatina,https://www.youtube.com/watch?v=mOIN64DIVgs,mOIN64DIVgs
MAT001,Matemáticas,Números reales - Operaciones básicas,@julioprofe,https://www.youtube.com/watch?v=5JgHN5v0PFc,5JgHN5v0PFc
MAT002,Matemáticas,Números reales - Potenciación y radicación,@julioprofe,https://www.youtube.com/watch?v=8PDKB_CV9WY,8PDKB_CV9WY
MAT003,Matemáticas,Valor absoluto,@julioprofe,https://www.youtube.com/watch?v=h0IZxXvQkH0,h0IZxXvQkH0
MAT004,Matemáticas,Fraccionarios,@julioprofe,https://www.youtube.com/watch?v=7qKoRXLe3lI,7qKoRXLe3lI
MAT005,Matemáticas,Logaritmos,@julioprofe,https://www.youtube.com/watch?v=6fKfwrpZ1wc,6fKfwrpZ1wc
MAT006,Matemáticas,Variables y expresiones algebraicas,@julioprofe,https://www.youtube.com/watch?v=qLj38aG9PVI,qLj38aG9PVI
MAT007,Matemáticas,Funciones - Función lineal,@unicoos,https://www.youtube.com/watch?v=AoZpzAoC1Qg,AoZpzAoC1Qg
MAT008,Matemáticas,Funciones - Función cuadrática,@unicoos,https://www.youtube.com/watch?v=P1-RKGXHGXU,P1-RKGXHGXU
MAT009,Matemáticas,Función exponencial,@unicoos,https://www.youtube.com/watch?v=YbfQ7vgfXQo,YbfQ7vgfXQo
MAT010,Matemáticas,Función logarítmica,@unicoos,https://www.youtube.com/watch?v=_5tsgN_ky3w,_5tsgN_ky3w
MAT011,Matemáticas,Razones trigonométricas (Seno/Cos/Tan),@julioprofe,https://www.youtube.com/watch?v=ebc9KdxBQs0,ebc9KdxBQs0
MAT012,Matemáticas,Funciones trigonométricas (gráficas),@julioprofe,https://www.youtube.com/watch?v=oeHe4GTT1vI,oeHe4GTT1vI
MAT013,Matemáticas,Identidades trigonométricas,@julioprofe,https://www.youtube.com/watch?v=cKz2DFncyYE,cKz2DFncyYE
MAT014,Matemáticas,Ángulos notables (30° 45° 60°),@julioprofe,https://www.youtube.com/watch?v=9-OZoecyyjI,9-OZoecyyjI
MAT015,Matemáticas,Conversión grados ↔ radianes,@julioprofe,https://www.youtube.com/watch?v=OFQtdkqLb2M,OFQtdkqLb2M
MAT016,Matemáticas,Ecuaciones lineales,@julioprofe,https://www.youtube.com/watch?v=d1DlcheNsZg,d1DlcheNsZg
MAT017,Matemáticas,Ecuaciones cuadráticas,@julioprofe,https://www.youtube.com/watch?v=S1nTfOVOO30,S1nTfOVOO30
MAT018,Matemáticas,Números complejos (operaciones),@math2me,https://www.youtube.com/watch?v=F50Ij2H5K5g,F50Ij2H5K5g
MAT019,Matemáticas,Polinomios (operaciones),@julioprofe,https://www.youtube.com/watch?v=zRlJgiDVcPo,zRlJgiDVcPo
MAT020,Matemáticas,Factorización (casos clásicos),@julioprofe,https://www.youtube.com/watch?v=jIApPLg63dA,jIApPLg63dA
MAT021,Matemáticas,Sistemas 2×2,@julioprofe,https://www.youtube.com/watch?v=91xUg1L7O7s,91xUg1L7O7s
MAT022,Matemáticas,Sistemas 3×3,@julioprofe,https://www.youtube.com/watch?v=dFmGzr1j6eY,dFmGzr1j6eY
MAT023,Matemáticas,Inecuaciones,@julioprofe,https://www.youtube.com/watch?v=1CmeGrYDgLU,1CmeGrYDgLU
MAT024,Matemáticas,Inecuaciones con valor absoluto,@julioprofe,https://www.youtube.com/watch?v=kqRQvcoh9aI,kqRQvcoh9aI
MAT025,Matemáticas,Método del cementerio (racionales),@julioprofe,https://www.youtube.com/watch?v=OKz34qPO6W4,OKz34qPO6W4
MAT026,Matemáticas,Porcentajes,@julioprofe,https://www.youtube.com/watch?v=Nj2s6S5wmFs,Nj2s6S5wmFs
MAT027,Matemáticas,Medidas de tendencia central,@MatematicasCercanas,https://www.youtube.com/watch?v=0DA7Wtz1ddg,0DA7Wtz1ddg
MAT028,Matemáticas,Dispersión (rango desviación estándar),@MatematicasCercanas,https://www.youtube.com/watch?v=xEdwLWhpt74,xEdwLWhpt74
MAT029,Matemáticas,Correlación,@MatematicasCercanas,https://www.youtube.com/watch?v=kYCyNrPToTc,kYCyNrPToTc
MAT030,Matemáticas,Combinaciones y permutaciones,@math2me,https://www.youtube.com/watch?v=cb_NZMvYfag,cb_NZMvYfag
MAT031,Matemáticas,Espacio muestral y eventos,@math2me,https://www.youtube.com/watch?v=e5jb9LtN_Mk,e5jb9LtN_Mk
MAT032,Matemáticas,Probabilidad básica - Cálculo de probabilidades,@math2me,https://www.youtube.com/watch?v=1Dvh2QpL2pw,1Dvh2QpL2pw
MAT033,Matemáticas,Eventos independientes,@math2me,https://www.youtube.com/watch?v=Y8xRVqvJ0NY,Y8xRVqvJ0NY
MAT034,Matemáticas,Eventos mutuamente excluyentes,@math2me,https://www.youtube.com/watch?v=6TfVoJmR3wg,6TfVoJmR3wg
MAT035,Matemáticas,Valor esperado,@math2me,https://www.youtube.com/watch?v=9IUMiBS6rBo,9IUMiBS6rBo
MAT036,Matemáticas,Lógica proposicional,@educatina,https://www.youtube.com/watch?v=qMihOxIJrnU,qMihOxIJrnU
MAT037,Matemáticas,Cuantificadores,@educatina,https://www.youtube.com/watch?v=_3TKhLF1EoA,_3TKhLF1EoA
MAT038,Matemáticas,Teoría de conjuntos,@educatina,https://www.youtube.com/watch?v=tyDKR4FG3Yw,tyDKR4FG3Yw
MAT039,Matemáticas,Geometría plana - Áreas y perímetros,@julioprofe,https://www.youtube.com/watch?v=AwgJ4VCn4iY,AwgJ4VCn4iY
MAT040,Matemáticas,Geometría espacial - Volúmenes,@julioprofe,https://www.youtube.com/watch?v=xtqhuw-fCHw,xtqhuw-fCHw
MAT041,Matemáticas,Teorema de Pitágoras,@julioprofe,https://www.youtube.com/watch?v=s41-qdHt3yo,s41-qdHt3yo
MAT042,Matemáticas,Teorema de Tales,@julioprofe,https://www.youtube.com/watch?v=cz_1F2OQgSw,cz_1F2OQgSw
MAT043,Matemáticas,Congruencia y semejanza,@julioprofe,https://www.youtube.com/watch?v=uGuL0W5KYQU,uGuL0W5KYQU
MAT044,Matemáticas,Plano cartesiano,@julioprofe,https://www.youtube.com/watch?v=HYU5mFX-D7o,HYU5mFX-D7o
MAT045,Matemáticas,Transformaciones en el plano,@unicoos,https://www.youtube.com/watch?v=nWvO0oikVDg,nWvO0oikVDg
MAT046,Matemáticas,Homotecias,@unicoos,https://www.youtube.com/watch?v=YJgqYrnhqUg,YJgqYrnhqUg
MAT047,Matemáticas,Límites,@julioprofe,https://www.youtube.com/watch?v=o2UTk8bsLS0,o2UTk8bsLS0
MAT048,Matemáticas,Continuidad,@julioprofe,https://www.youtube.com/watch?v=RBe3L_RVhbE,RBe3L_RVhbE
MAT049,Matemáticas,Regla de L'Hôpital,@julioprofe,https://www.youtube.com/watch?v=I_9EgQPPLuI,I_9EgQPPLuI
MAT050,Matemáticas,Sucesiones,@math2me,https://www.youtube.com/watch?v=u1QqUKdRjVs,u1QqUKdRjVs
MAT051,Matemáticas,Derivadas,@julioprofe,https://www.youtube.com/watch?v=uK4-s0ojHFg,uK4-s0ojHFg
MAT052,Matemáticas,Derivada producto y cociente,@julioprofe,https://www.youtube.com/watch?v=qzBaHCom_X8,qzBaHCom_X8
MAT053,Matemáticas,Concepto de integral,@julioprofe,https://www.youtube.com/watch?v=FnR9_C0cXAk,FnR9_C0cXAk
MAT054,Matemáticas,Notación científica,@julioprofe,https://www.youtube.com/watch?v=Ql8WRbxSvC8,Ql8WRbxSvC8
MAT055,Matemáticas,Matemáticas financieras - Interés simple,@math2me,https://www.youtube.com/watch?v=SRd79YJaHVE,SRd79YJaHVE
MAT056,Matemáticas,Matemáticas financieras - Interés compuesto,@math2me,https://www.youtube.com/watch?v=LJO-cwBEdvE,LJO-cwBEdvE
MAT057,Matemáticas,Amortización y cuotas,@math2me,https://www.youtube.com/watch?v=NQfz_I5jYsU,NQfz_I5jYsU
MAT058,Matemáticas,Tasa de crecimiento,@math2me,https://www.youtube.com/watch?v=PUE9s4zmY-A,PUE9s4zmY-A
MAT059,Matemáticas,Estimación y aproximación,@math2me,https://www.youtube.com/watch?v=uf8JR3W7zVo,uf8JR3W7zVo
MAT060,Matemáticas,Interpretación de gráficas,@MatematicasCercanas,https://www.youtube.com/watch?v=zSkBJ91JCZE,zSkBJ91JCZE
SOC001,Sociales y Ciudadanas,Derechos fundamentales,Various,https://www.youtube.com/watch?v=wYaUc_vtk5Q,wYaUc_vtk5Q
SOC002,Sociales y Ciudadanas,Mecanismos de participación,Various,https://www.youtube.com/watch?v=jgHG6XyyRII,jgHG6XyyRII
SOC003,Sociales y Ciudadanas,Derechos sociales económicos,Various,https://www.youtube.com/watch?v=o2FanXbVxsc,o2FanXbVxsc
SOC004,Sociales y Ciudadanas,Independencia de Colombia,Various,https://www.youtube.com/watch?v=q1SNcRB70Fg,q1SNcRB70Fg
SOC005,Sociales y Ciudadanas,Colombia Siglo XX,Various,https://www.youtube.com/watch?v=g2CiCEfn9dk,g2CiCEfn9dk
SOC006,Sociales y Ciudadanas,Derechos colectivos y ambiente,Various,https://www.youtube.com/watch?v=ahm6bvzLoM0,ahm6bvzLoM0
SOC007,Sociales y Ciudadanas,Estado social de derecho,Various,https://www.youtube.com/watch?v=eKk-73x5Iiw,eKk-73x5Iiw
SOC008,Sociales y Ciudadanas,Multiculturalismo,Various,https://www.youtube.com/watch?v=zCzJO4Z29Ag,zCzJO4Z29Ag
SOC009,Sociales y Ciudadanas,Ramas del poder público,Various,https://www.youtube.com/watch?v=vAJUTL17ed8,vAJUTL17ed8
SOC010,Sociales y Ciudadanas,Conflicto armado,Various,https://www.youtube.com/watch?v=um6GJiOtn64,um6GJiOtn64
SOC011,Sociales y Ciudadanas,Organismos de control,Various,https://www.youtube.com/watch?v=sgjy2bh9Nr0,sgjy2bh9Nr0
SOC012,Sociales y Ciudadanas,Tutela,Various,https://www.youtube.com/watch?v=GvatTJan9dM,GvatTJan9dM
SOC013,Sociales y Ciudadanas,Acciones populares,Various,https://www.youtube.com/watch?v=NtSogZcxlmY,NtSogZcxlmY
SOC014,Sociales y Ciudadanas,Hábeas corpus y hábeas data,Various,https://www.youtube.com/watch?v=Dlnn4xqjc3g,Dlnn4xqjc3g
SOC015,Sociales y Ciudadanas,Referendo y plebiscito,Various,https://www.youtube.com/watch?v=lmJdItMdmcA,lmJdItMdmcA
SOC016,Sociales y Ciudadanas,Consulta popular,Various,https://www.youtube.com/watch?v=6Hfk3sTjMPk,6Hfk3sTjMPk
SOC017,Sociales y Ciudadanas,Revocatoria del mandato,Various,https://www.youtube.com/watch?v=jMZGj2u3OZg,jMZGj2u3OZg
SOC018,Sociales y Ciudadanas,Cabildo abierto,Various,https://www.youtube.com/watch?v=O0wKEgh2HXY,O0wKEgh2HXY
SOC019,Sociales y Ciudadanas,Derecho Internacional Humanitario,Various,https://www.youtube.com/watch?v=gU88c9nmK1A,gU88c9nmK1A
SOC020,Sociales y Ciudadanas,Justicia transicional,Various,https://www.youtube.com/watch?v=uPsAg0khaHE,uPsAg0khaHE
SOC021,Sociales y Ciudadanas,Prejuicio y discriminación,Various,https://www.youtube.com/watch?v=qbBcmXRxS7c,qbBcmXRxS7c
SOC022,Sociales y Ciudadanas,Equidad de género,Various,https://www.youtube.com/watch?v=DBsLQA0PIKE,DBsLQA0PIKE
SOC023,Sociales y Ciudadanas,Geografía de Colombia,Various,https://www.youtube.com/watch?v=8Zwxtcx2yHo,8Zwxtcx2yHo
SOC024,Sociales y Ciudadanas,Cartografía,Various,https://www.youtube.com/watch?v=Mad8refpcw4,Mad8refpcw4
SOC025,Sociales y Ciudadanas,Paleolítico y Neolítico,Various,https://www.youtube.com/watch?v=Ael5d1-WEpg,Ael5d1-WEpg
SOC026,Sociales y Ciudadanas,Primeras civilizaciones,Various,https://www.youtube.com/watch?v=FavbZAbHky4,FavbZAbHky4
SOC027,Sociales y Ciudadanas,Grecia antigua,Various,https://www.youtube.com/watch?v=9LMlD7L4Vdk,9LMlD7L4Vdk
SOC028,Sociales y Ciudadanas,Roma antigua,Various,https://www.youtube.com/watch?v=UF_yHrFP1Ls,UF_yHrFP1Ls
SOC029,Sociales y Ciudadanas,Edad Media - Feudalismo,Various,https://www.youtube.com/watch?v=mJD67t6sr8w,mJD67t6sr8w
SOC030,Sociales y Ciudadanas,Las Cruzadas,Various,https://www.youtube.com/watch?v=YE04CVXmng8,YE04CVXmng8
SOC031,Sociales y Ciudadanas,Renacimiento,Various,https://www.youtube.com/watch?v=BZO1W6DTkhY,BZO1W6DTkhY
SOC032,Sociales y Ciudadanas,Descubrimiento de América,Various,https://www.youtube.com/watch?v=FdizSgFEuR8,FdizSgFEuR8
SOC033,Sociales y Ciudadanas,Reforma protestante,Various,https://www.youtube.com/watch?v=5mc_u10oroA,5mc_u10oroA
SOC034,Sociales y Ciudadanas,Ilustración,Various,https://www.youtube.com/watch?v=O9Rxxlzr1Ls,O9Rxxlzr1Ls
SOC035,Sociales y Ciudadanas,Revolución Francesa,Various,https://www.youtube.com/watch?v=ttdq818TGD0,ttdq818TGD0
SOC036,Sociales y Ciudadanas,Revolución Industrial,Various,https://www.youtube.com/watch?v=3LQAnFEADl4,3LQAnFEADl4
SOC037,Sociales y Ciudadanas,Independencia Estados Unidos,Various,https://www.youtube.com/watch?v=nMA5ykesU0I,nMA5ykesU0I
SOC038,Sociales y Ciudadanas,Napoleón Bonaparte,Various,https://www.youtube.com/watch?v=MhQ4vVd-jm0,MhQ4vVd-jm0
SOC039,Sociales y Ciudadanas,Primera Guerra Mundial,Various,https://www.youtube.com/watch?v=3XtXgH4YSrU,3XtXgH4YSrU
SOC040,Sociales y Ciudadanas,Revolución Rusa,Various,https://www.youtube.com/watch?v=nv5A-Y5sk4Y,nv5A-Y5sk4Y
SOC041,Sociales y Ciudadanas,Periodo entreguerras,Various,https://www.youtube.com/watch?v=4MuJ3qoFQUU,4MuJ3qoFQUU
SOC042,Sociales y Ciudadanas,Segunda Guerra Mundial,Various,https://www.youtube.com/watch?v=AYQ8hT8cVTE,AYQ8hT8cVTE
SOC043,Sociales y Ciudadanas,Guerra Fría,Various,https://www.youtube.com/watch?v=EXijvhBQ-u8,EXijvhBQ-u8
SOC044,Sociales y Ciudadanas,Descolonización,Various,https://www.youtube.com/watch?v=DH7sw2bvKpY,DH7sw2bvKpY
SOC045,Sociales y Ciudadanas,Colonialismo en América,Various,https://www.youtube.com/watch?v=JKFCVTETfxU,JKFCVTETfxU
SOC046,Sociales y Ciudadanas,Independencias latinoamericanas,Various,https://www.youtube.com/watch?v=hoZCzUOqdWw,hoZCzUOqdWw
SOC047,Sociales y Ciudadanas,América Latina siglo XX,Various,https://www.youtube.com/watch?v=5yPRLBPeAuI,5yPRLBPeAuI
SOC048,Sociales y Ciudadanas,Revolución Mexicana,Various,https://www.youtube.com/watch?v=r3T9Gla6dZg,r3T9Gla6dZg
SOC049,Sociales y Ciudadanas,Revolución Cubana,Various,https://www.youtube.com/watch?v=1qlduD7YoRo,1qlduD7YoRo
SOC050,Sociales y Ciudadanas,Colombia precolombina,Various,https://www.youtube.com/watch?v=Zj5b3PWZCs8,Zj5b3PWZCs8
SOC051,Sociales y Ciudadanas,Conquista de Colombia,Various,https://www.youtube.com/watch?v=BPFIbpMdTBI,BPFIbpMdTBI
SOC052,Sociales y Ciudadanas,Colombia colonial,Various,https://www.youtube.com/watch?v=4C61vtKeLY,4C61vtKeLY
SOC053,Sociales y Ciudadanas,Patria Boba,Various,https://www.youtube.com/watch?v=M1D2lGGvhuU,M1D2lGGvhuU
SOC054,Sociales y Ciudadanas,Colombia siglo XIX,Various,https://www.youtube.com/watch?v=l6X9LqbltMg,l6X9LqbltMg
SOC055,Sociales y Ciudadanas,Guerra de los Mil Días,Various,https://www.youtube.com/watch?v=DAvVQ5wEJMg,DAvVQ5wEJMg
SOC056,Sociales y Ciudadanas,Hegemonía conservadora,Various,https://www.youtube.com/watch?v=X84JcuIBWxA,X84JcuIBWxA
SOC057,Sociales y Ciudadanas,República Liberal,Various,https://www.youtube.com/watch?v=JWHS0BgYDXU,JWHS0BgYDXU
SOC058,Sociales y Ciudadanas,El Bogotazo,Various,https://www.youtube.com/watch?v=5gRdFe0z7Ho,5gRdFe0z7Ho
SOC059,Sociales y Ciudadanas,Frente Nacional,Various,https://www.youtube.com/watch?v=ecyZTk969SQ,ecyZTk969SQ
SOC060,Sociales y Ciudadanas,Narcotráfico en Colombia,Various,https://www.youtube.com/watch?v=wdTqgT-SHOs,wdTqgT-SHOs
SOC061,Sociales y Ciudadanas,Constitución de 1991,Various,https://www.youtube.com/watch?v=Z1SxBUZl5j8,Z1SxBUZl5j8
SOC062,Sociales y Ciudadanas,Proceso de paz en Colombia,Various,https://www.youtube.com/watch?v=8MEm-AMADBg,8MEm-AMADBg
SOC063,Sociales y Ciudadanas,Oferta y demanda,Various,https://www.youtube.com/watch?v=yYFVMJh84_A,yYFVMJh84_A
SOC064,Sociales y Ciudadanas,Sistemas económicos,Various,https://www.youtube.com/watch?v=laxLCTHWpYo,laxLCTHWpYo
SOC065,Sociales y Ciudadanas,Globalización,Various,https://www.youtube.com/watch?v=0d1vWFZlKIs,0d1vWFZlKIs
SOC066,Sociales y Ciudadanas,Desarrollo y subdesarrollo,Various,https://www.youtube.com/watch?v=iUSsQ6QG3gM,iUSsQ6QG3gM
SOC067,Sociales y Ciudadanas,Proteccionismo y libre comercio,Various,https://www.youtube.com/watch?v=L_UxzsZk7Ws,L_UxzsZk7Ws
SOC068,Sociales y Ciudadanas,Inflación y política monetaria,Various,https://www.youtube.com/watch?v=M0aW5F3xYLY,M0aW5F3xYLY
SOC069,Sociales y Ciudadanas,Desempleo y política fiscal,Various,https://www.youtube.com/watch?v=8EnVw354cVY,8EnVw354cVY
SOC070,Sociales y Ciudadanas,Deuda externa,Various,https://www.youtube.com/watch?v=R8V4aEhdybA,R8V4aEhdybA
