id_pregunta,area_evaluada,competencia,componente,proceso_cognitivo,tipo_conocimiento,nivel_dificultad,afirmacion,evidencia,pregunta,respuesta_correcta,nivel_desempeno_esperado,tiempo_estimado,tema_especifico,subtema,grado_escolar,periodo_aplicacion,opcion_a,opcion_b,opcion_c,opcion_d,requiere_imagen,imagen_pregunta_url,imagen_opcion_a_url,imagen_opcion_b_url,imagen_opcion_c_url,imagen_opcion_d_url,area_tematica,puntos_xp,pista_1,pista_2,pista_3,explicacion_respuesta,error_comun,estrategia_discursiva,tipo_razonamiento,complejidad_cognitiva,contexto_aplicacion,pensamiento_matematico,parametro_irt_a,parametro_irt_b,parametro_irt_c,p_value,point_biserial,optimal_time_seconds,codigo_tema_principal,codigos_tema_secundarios,cognitive_level_bloom,distractor_a_concepto,distractor_b_concepto,distractor_c_concepto,distractor_frequency_a,distractor_frequency_b,distractor_frequency_c,distractor_frequency_d,most_common_error,item_total_correlation,concepto_refuerzo_1,concepto_refuerzo_2,recurso_sugerido,tiempo_estudio_estimado,fecha_creacion,fecha_actualizacion,version_item,banco_origen,fecha_calibracion,historical_accuracy_rate,sample_size_calibration,item_fit_statistic,pregunta_con_contexto,contexto_requerido,tipo_texto,genero_textual,pensamiento_critico,avg_response_time_sec,std_dev_response_time_sec
MAT001,Matematicas,Interpretacion y representacion,Aleatorio,Analisis,Procedimental,2,Interpreta informacion presentada en diagramas y tablas,Identifica errores en procedimientos de conteo y calculo,"Un sistema de transporte masivo tiene varias estaciones (E1, E2,...) sobre una avenida. En condiciones normales, de una estacion a otra, un bus se demora 4 minutos, y en cada parada, 30 segundos. En la figura, los circulos sombreados representan las paradas de cada ruta (R1, R2,...). Un usuario que quiere ir de E1 a E10 en el menor tiempo, determino, con base en la figura, que la ruta que mas le convenia tomar era R2 y estimo el tiempo que tardaria viajando en el bus asi: I. Conto la cantidad de tramos entre estaciones consecutivas que habia en su recorrido: 10. II. Multiplico el numero obtenido en I (10) por la cantidad de minutos (4) que tardara entre dos estaciones consecutivas: 40 minutos. III. Al resultado anterior le sumo 30 segundos por la parada que hara en E6: 40,5 minutos. Este procedimiento es incorrecto en el(los) paso(s)",D,Satisfactorio,95,Analisis de procedimientos,Deteccion de errores,10,2024-2,Solo en I,Solo en II,Solo en III,En I y III,1,/mathimg/Math_1_1_Doc1.png,NULL,NULL,NULL,NULL,Razonamiento,120,Verifica el conteo de tramos,Analiza el calculo del tiempo,Revisa las paradas consideradas,Error en I: hay 9 tramos no 10. Error en III: debe considerar todas las paradas intermedias,No contar correctamente tramos y paradas,Analisis critico,Deductivo,Media,Transporte,Logico,1.2,-0.1,0.25,0.62,0.43,95,LOG01,TRA02,Analizar,Solo primer error,Solo calculo,Solo paradas,0.25,0.2,0.3,0.25,Opcion_A,0.41,Conteo sistematico,Analisis de rutas,https://youtube.com/watch?v=rutas1,50,03/04/2024,                               ,1,ICFES,05/03/2024,0.62,1280,0.99,1,1,Analitico,Procedimental,Critico,95,17
MAT002,Matematicas,Razonamiento y argumentacion,Numerico-variacional,Evaluacion,Conceptual,2,Justifica la validez de afirmaciones usando propiedades matematicas,Evalua la validez de afirmaciones sobre porcentajes y proporciones,"Una persona que vive en Colombia tiene inversiones en dolares en Estados Unidos, y sabe que la tasa de cambio del dolar respecto al peso colombiano se mantendra constante este mes, siendo 1 dolar equivalente a 2.000 pesos colombianos y que su inversion, en dolares, le dara ganancias del 3 % en el mismo periodo. Un amigo le asegura que en pesos sus ganancias tambien seran del 3 %. La afirmacion de su amigo es",C,Satisfactorio,85,Cambio de divisas,Porcentajes y proporciones,10,2024-2,"incorrecta, porque las ganancias en pesos seran mayores al 3%","incorrecta, porque las ganancias en pesos seran menores al 3%","correcta, porque el porcentaje de ganancia es independiente de la moneda","correcta, porque la tasa de cambio se mantiene constante",0,NULL,NULL,NULL,NULL,NULL,Finanzas,110,Analiza el cambio de moneda,Considera el porcentaje base,Evalua la proporcionalidad,El porcentaje se mantiene igual sin importar la moneda si la tasa es constante,Confundir valor absoluto con porcentaje,Razonamiento proporcional,Deductivo,Media,Financiero,Proporcional,1.2,-0.2,0.25,0.64,0.44,85,FIN02,POR01,Evaluar,Ganancia mayor,Ganancia menor,Tasa constante implica mismo %,0.25,0.3,0.2,0.25,Opcion_B,0.42,Tasas de cambio,Porcentajes invariantes,https://youtube.com/watch?v=divisas1,45,03/05/2024,05/09/2024,1,ICFES,05/04/2024,0.64,1320,0.98,0,0,Argumentativo,Financiero,Analitico,85,15
MAT003,Matematicas,Resolucion de problemas,Numerico-variacional,Sintesis,Procedimental,3,Formula estrategias para resolver problemas de optimizacion,Evalua diferentes opciones para minimizar costos,"Las directivas de un colegio tienen que organizar un viaje a un museo con 140 estudiantes, quienes deben dividirse en 3 grupos. Cada grupo ira en una franja diferente, pero el costo total de las entradas se asumira equitativamente por los estudiantes. En la tabla se muestran los horarios disponibles, la maxima cantidad de estudiantes y los precios respectivos de cada horario. Con el fin de que todos los estudiantes asistan y paguen el menor precio, las directivas eligieron las franjas 1, 3 y 4. Esta eleccion garantiza que asistan todos los estudiantes al menor precio posible?",C,Avanzado,100,Optimizacion,Minimizacion de costos,11,2024-2,"Si, porque el costo total es el minimo posible","No, porque no caben todos los estudiantes en esas franjas","No, porque hay otra combinacion con menor costo total","Si, porque se aprovecha la capacidad maxima de cada franja",1,/mathimg/Math_3_1_Doc1.png,NULL,NULL,NULL,NULL,Optimizacion,150,Verifica la capacidad total,Calcula diferentes combinaciones,Compara costos totales,Se debe verificar capacidad y costo. Hay combinaciones mas economicas,No verificar todas las combinaciones posibles,Analisis comparativo,Analitico,Alta,Administrativo,Optimizacion,1.3,0.4,0.25,0.5,0.47,100,OPT01,COM01,Evaluar,Asume minimo sin verificar,Capacidad insuficiente,Capacidad maxima no es optima,0.3,0.25,0.2,0.25,Opcion_A,0.44,Analisis combinatorio,Optimizacion de recursos,https://youtube.com/watch?v=optimizacion1,60,03/06/2024,05/10/2024,1,ICFES,05/05/2024,0.5,1250,1.02,1,1,Problematico,Optimizador,Critico,100,18
MAT004,Matematicas,Interpretacion y representacion,Numerico-variacional,Analisis,Procedimental,2,Interpreta informacion presentada en tablas de costos,Determina rangos de valores a partir de informacion de costos totales,"Para capacitar en informatica basica a los trabajadores de algunas dependencias de una empresa, se contrata una institucion que ofrece un plan educativo de 4 modulos (ver tabla). La capacitacion de cada modulo se hace con cursos de minimo 20 y maximo 30 personas, de la misma dependencia. La empresa pagara $4.200.000 por capacitar a los trabajadores de la dependencia 'Insumos' en el modulo I; esto quiere decir que la dependencia tiene entre",C,Satisfactorio,80,Interpretacion de tablas,Rangos de valores,10,2024-2,20 y 25 trabajadores,26 y 30 trabajadores,21 y 28 trabajadores,20 y 30 trabajadores,1,/mathimg/Math_4_1_Doc1.png,NULL,NULL,NULL,NULL,Analisis,100,Identifica el costo por persona,Calcula limites del rango,Verifica consistencia,Dividiendo 4.200.000 entre el costo unitario se obtiene el numero de personas,Error en el calculo de rangos,Interpretacion de datos,Deductivo,Media,Empresarial,Numerico,1.2,-0.2,0.25,0.63,0.44,80,TAB01,RAN01,Analizar,Rango incompleto,Rango desplazado,Rango exacto,0.2,0.25,0.3,0.25,Opcion_B,0.42,Division con rangos,Interpretacion de costos,https://youtube.com/watch?v=tablas1,40,03/07/2024,05/11/2024,1,ICFES,05/06/2024,0.63,1340,0.97,1,1,Interpretativo,Tabular,Analitico,80,14
MAT005,Matematicas,Resolucion de problemas,Numerico-variacional,Aplicacion,Procedimental,1,Realiza calculos basicos de division para determinar costos unitarios,Calcula valores unitarios a partir de totales,"Si se les cobrara a los 50 trabajadores de la dependencia 'Recursos Humanos' la capacitacion del modulo II, y todos pagaran el mismo valor, cuanto deberia pagar cada uno por esa capacitacion?",B,Basico,60,Division,Costo unitario,9,2024-2,$80.00,$160.00,$240.00,$320.00,0,NULL,NULL,NULL,NULL,NULL,Aritmetica,80,Identifica el total de personas,Encuentra el costo total del modulo,Divide el total entre personas,Se divide el costo total del modulo II entre 50 personas,Error en la operacion de division,Calculo directo,Algoritmico,Baja,Empresarial,Aritmetico,1,-0.8,0.25,0.72,0.38,60,DIV01,COS01,Aplicar,Division incorrecta,Correcto,Multiplicacion en vez de division,0.15,0.2,0.4,0.25,Opcion_C,0.36,Division exacta,Costos unitarios,https://youtube.com/watch?v=division1,30,03/08/2024,05/12/2024,1,ICFES,05/07/2024,0.72,1450,0.94,0,0,Aplicativo,Numerico,Practico,60,10
MAT006,Matematicas,Interpretacion y representacion,Numerico-variacional,Comprension,Conceptual,2,Relaciona informacion de costos con estructuras modulares,Identifica correspondencias entre valores y categorias,"La empresa paga $900.000 por la capacitacion de los 40 funcionarios de la dependencia 'Importaciones'. De acuerdo con el valor pagado, la capacitacion corresponde al modulo",A,Satisfactorio,70,Correspondencia,Identificacion de modulos,10,2024-2,I,II,III,IV,1,/mathimg/Math_6_1_Doc1.png,NULL,NULL,NULL,NULL,Interpretacion,90,Calcula el costo por persona,Compara con la tabla,Identifica el modulo correspondiente,900.000/40 = 22.500 por persona corresponde al modulo I,Confundir modulos por cercania de valores,Comparacion sistematica,Comparativo,Media,Empresarial,Relacional,1.1,-0.3,0.25,0.65,0.42,70,MOD01,COR01,Comprender,Correcto,Modulo siguiente,Modulo posterior,0.25,0.3,0.2,0.25,Opcion_B,0.4,Correspondencia de valores,Identificacion modular,https://youtube.com/watch?v=modulos1,35,03/09/2024,13/05/2024,1,ICFES,05/08/2024,0.65,1380,0.96,1,1,Correlacional,Tabular,Identificativo,70,12
MAT007,Matematicas,Razonamiento y argumentacion,Aleatorio,Evaluacion,Procedimental,3,Evalua la suficiencia de informacion para resolver problemas,Determina si la informacion disponible permite calcular porcentajes,"La figura muestra el numero de muertes causadas por la obesidad y su porcentaje respecto al total de muertes por ano, en cuatro paises. En la tabla 1 se recoge la clasificacion realizada por la Organizacion Mundial de la Salud (OMS) del estado nutricional, de acuerdo con el indice de masa corporal rangos del IMC para P2. Se necesita comparar la informacion sobre la obesidad con la informacion sobre muertes causadas por otra enfermedad en P3. Se sabe que en P3 el numero de muertes por esa enfermedad al ano es 1.700. Tomando este valor, multiplicandolo por cien y dividiendolo entre el numero total de muertes en P3, se obtiene el porcentaje de fallecimientos que causa esta enfermedad. Usando la informacion, es posible determinar que porcentaje de muertes en P3 ocurre debido a esta otra enfermedad?",B,Avanzado,90,Suficiencia de informacion,Analisis de datos,11,2024-2,"Si, porque se conoce el numero total de muertes en P3","No, porque no se conoce el numero total de muertes en P3","Si, porque se puede calcular a partir del porcentaje de obesidad","No, porque falta informacion sobre la otra enfermedad",0,NULL,NULL,NULL,NULL,NULL,Estadistica,130,Identifica que datos tienes,Determina que necesitas,Evalua si es calculable,No se puede determinar sin conocer el total de muertes en P3,Asumir que se puede calcular indirectamente,Analisis logico,Deductivo,Alta,Salud publica,Estadistico,1.3,0.3,0.25,0.52,0.46,90,EST01,INF01,Evaluar,Asume datos suficientes,Correcto,Calculo indirecto posible,0.25,0.2,0.3,0.25,Opcion_C,0.43,Suficiencia de datos,Calculo de porcentajes,https://youtube.com/watch?v=suficiencia1,55,03/10/2024,14/05/2024,1,ICFES,05/09/2024,0.52,1200,1.01,0,0,Evaluativo,Estadistico,Critico,90,16
MAT008,Matematicas,Resolucion de problemas,Espacial-metrico,Aplicacion,Procedimental,2,Aplica formulas cientificas para clasificar estados de salud,Calcula el IMC y lo relaciona con categorias de salud,"El IMC de una persona se calcula dividiendo su peso (en kg) entre su estatura (en m) elevada al cuadrado. De un hombre de P2 que tiene 30 anos de edad, pesa 75 kg y tiene una estatura de 3/2 m, puede afirmarse que forma parte del",C,Satisfactorio,75,Indice de masa corporal,Clasificacion de salud,10,2024-2,grupo con bajo peso,grupo con peso normal,grupo con sobrepeso,grupo con obesidad,0,NULL,NULL,NULL,NULL,NULL,Salud,100,Aplica la formula del IMC,Calcula con los valores dados,Compara con la tabla de clasificacion,IMC = 75/(1.5)2 = 75/2.25 = 33.3 indica sobrepeso,Error en el calculo del cuadrado,Aplicacion de formulas,Algoritmico,Media,Salud,Metrico,1.2,0,0.25,0.6,0.43,75,FOR01,SAL01,Aplicar,Bajo peso incorrecto,Peso normal incorrecto,Correcto,0.2,0.3,0.25,0.25,Opcion_B,0.41,Formula del IMC,Clasificacion nutricional,https://youtube.com/watch?v=imc1,40,03/11/2024,15/05/2024,1,ICFES,05/10/2024,0.6,1300,0.98,0,0,Aplicativo,Cientifico,Practico,75,13
MAT009,Matematicas,Resolucion de problemas,Numerico-variacional,Sintesis,Conceptual,3,Compara rentabilidad considerando multiples variables,Evalua afirmaciones sobre rentabilidad comercial,"Para transportar mango y banano desde un pueblo cercano a dos ciudades, W y Z, un comerciante utiliza tres (3) camiones con capacidad de 5 toneladas cada uno; por cada camion contrata dos trabajadores en cada viaje. El comerciante compra a $400.000 la tonelada de banano y a $500.000, la de mango. En la tabla se muestra el precio de venta por tonelada de cada producto y los gastos de transporte y de trabajadores para cada ciudad. Una persona afirma que para el comerciante es mas rentable vender 6 toneladas de mango en la ciudad Z que en la ciudad W. La afirmacion de esta persona es correcta, porque",C,Avanzado,95,Rentabilidad,Analisis comparativo,11,2024-2,los gastos de transporte son menores en Z,el precio de venta es mayor en Z,la diferencia entre ingresos y gastos es mayor en Z,se necesitan menos trabajadores en Z,1,/mathimg/Math_9_1_Doc1.png,NULL,NULL,NULL,NULL,Economia,140,Calcula ingresos en cada ciudad,Calcula gastos totales,Compara utilidades netas,Se debe comparar utilidad neta = ingresos - gastos totales,Considerar solo un factor,Analisis integral,Comparativo,Alta,Comercial,Economico,1.3,0.4,0.25,0.48,0.48,95,REN01,COM02,Crear,Solo transporte,Solo precio,Correcto,0.25,0.25,0.25,0.25,Opcion_A,0.45,Analisis de rentabilidad,Comparacion de utilidades,https://youtube.com/watch?v=rentabilidad1,60,03/12/2024,16/05/2024,1,ICFES,05/11/2024,0.48,1150,1.03,1,1,Comparativo,Economico,Analitico,95,17
MAT010,Matematicas,Resolucion de problemas,Numerico-variacional,Sintesis,Procedimental,3,Ejecuta procedimientos de multiples pasos para calcular ganancias,Aplica algoritmos para determinar utilidades comerciales,"Los tres (3) camiones se cargan con 5 toneladas de banano cada uno para venderse en la ciudad W. El comerciante necesita conocer la ganancia al hacer este negocio, ejecutando el siguiente procedimiento: Paso 1. Halla el numero de toneladas de banano que hay en los 3 camiones. Paso 2. Halla la diferencia entre el precio de venta de una tonelada de banano en la ciudad W y el precio de compra. Paso 3. Multiplica los valores hallados en los pasos 1 y 2. Paso 4. Encuentra los costos totales de transporte y le suma el pago total de los trabajadores en los tres viajes. Paso 5. Halla la diferencia entre el valor obtenido en el paso 3 y el paso 4. Cual es la ganancia que obtiene el comerciante?",C,Avanzado,100,Calculo de ganancias,Procedimiento algoritmico,11,2024-2,$1.500.000,$2.100.000,$2.700.000,$3.300.000,0,NULL,NULL,NULL,NULL,NULL,Economia,150,Sigue cada paso sistematicamente,Calcula valores intermedios,Resta costos de ingresos,15 ton  margen - costos = ganancia neta,Error en algun paso del procedimiento,Algoritmo paso a paso,Algoritmico,Alta,Comercial,Economico,1.4,0.5,0.25,0.46,0.49,100,GAN01,PRO01,Crear,Calculo parcial,Omite costos,Correcto,0.25,0.2,0.3,0.25,Opcion_A,0.46,Calculo sistematico,Utilidad neta,https://youtube.com/watch?v=ganancias1,65,13/03/2024,17/05/2024,1,ICFES,05/12/2024,0.46,1080,1.05,0,0,Procedimental,Algoritmico,Sistematico,100,18
MAT011,Matematicas,Resolucion de problemas,Numerico-variacional,Aplicacion,Procedimental,3,Aplica procedimientos con residuos y porcentajes,Calcula bonificaciones usando algoritmos especificos,"Para diciembre, el comerciante decidio que por cada 5 toneladas del producto transportado en camion y vendido en alguna de las ciudades, cada uno de los dos empleados necesarios por camion recibira un bono de 0,3 % del dinero recibido en la venta de esas 5 toneladas. En ese mes, dos empleados transportaron y vendieron 47 toneladas de mango a la ciudad W. Para hallar el bono recibido por cada uno de ellos, se ejecuto el siguiente procedimiento: Paso 1. Se dividio el numero de toneladas vendidas entre 5 y se hallo su residuo. Paso 2. Se resto del numero de toneladas vendidas, el valor obtenido en el paso 1. Paso 3. Se multiplico el valor obtenido en el paso 2 por el valor de venta de la tonelada del producto. Paso 4. Al valor obtenido en el paso 3, se le saco el 0,3 %. El bono recibido por cada empleado fue, aproximadamente, de",B,Avanzado,105,Bonificaciones,Calculo con residuos,11,2024-2,$126.00,$135.00,$141.00,$150.00,0,NULL,NULL,NULL,NULL,NULL,Economia,160,Calcula toneladas elegibles,Determina el valor de venta,Aplica el porcentaje,475 = 9 con residuo 2. 45 ton  precio  0.3%,Error en manejo de residuos,Procedimiento modular,Algoritmico,Alta,Laboral,Aritmetico,1.4,0.6,0.25,0.44,0.5,105,BON01,RES01,Aplicar,Calculo aproximado,Correcto,Residuo mal aplicado,0.25,0.25,0.25,0.25,Opcion_C,0.47,Division con residuo,Calculo de porcentajes,https://youtube.com/watch?v=bonos1,70,  ,18/05/2024,1,ICFES,13/05/2024,0.44,1050,1.07,0,0,Procedimental,Modular,Laboral,105,19
MAT012,Matematicas,Interpretacion y representacion,Espacial-metrico,Analisis,Factual,2,Interpreta informacion en graficos de barras,Relaciona datos numericos con representaciones graficas,"Si se transportan 7 toneladas de fruta a la ciudad W y 10 toneladas de fruta a la ciudad Z, la grafica que muestra la relacion de costos por ciudad es",A,Satisfactorio,65,Graficos de barras,Representacion visual,10,2024-2,Opcion A,Opcion B,Opcion C,Opcion D,0,NULL,/mathimg/Math_12_R_A_Doc1.png,/mathimg/Math_12_R_B_Doc1.png,/mathimg/Math_12_R_C_Doc1.png,/mathimg/Math_12_R_D_Doc1.png,Estadistica,90,Calcula costos para W,Calcula costos para Z,Compara con graficos,Los costos deben reflejar proporciones correctas,Confundir escalas o proporciones,Interpretacion grafica,Visual,Media,Logistico,Grafico,1.2,-0.1,0.25,0.61,0.43,65,GRA01,BAR01,Analizar,Correcto,Proporcion invertida,Escala incorrecta,0.25,0.3,0.2,0.25,Opcion_B,0.41,Lectura de graficos,Proporciones visuales,https://youtube.com/watch?v=graficos1,35,15/03/2024,19/05/2024,1,ICFES,14/05/2024,0.61,1320,0.97,0,0,Visual,Grafico,Interpretativo,65,11
MAT013,Matematicas,Razonamiento y argumentacion,Aleatorio,Comprension,Conceptual,2,Determina que informacion se puede inferir de datos dados,Identifica conclusiones validas a partir de informacion limitada,"Durante enero, el comerciante vendio 100 toneladas de mango y 50 de banano, y contrato 10 trabajadores. Con esta informacion es posible conocer",D,Satisfactorio,70,Inferencia logica,Conclusiones validas,10,2024-2,el numero total de viajes realizados,las ganancias totales del mes,el destino de las ventas,el numero de toneladas vendidas de fruta,0,NULL,NULL,NULL,NULL,NULL,Logica,95,Analiza que datos tienes,Identifica que puedes calcular,Elimina lo que no es posible,Solo se puede sumar 100+50=150 toneladas totales,Inferir informacion no disponible,Analisis de suficiencia,Deductivo,Media,Comercial,Logico,1.2,0,0.25,0.59,0.43,70,INF02,LOG02,Comprender,Viajes indeterminados,Ganancias requieren precios,Destino no especificado,0.25,0.25,0.25,0.25,Opcion_A,0.41,Inferencia valida,Informacion disponible,https://youtube.com/watch?v=inferencia1,40,16/03/2024,20/05/2024,1,ICFES,15/05/2024,0.59,1280,0.98,0,0,Inferencial,Logico,Deductivo,70,12
MAT014,Matematicas,Interpretacion y representacion,Espacial-metrico,Comprension,Conceptual,2,Comprende relaciones entre dimensiones y areas en geometria,Calcula cambios porcentuales en areas de figuras geometricas,"Si en un rectangulo se aumenta la longitud de uno de sus lados en 100 %, su area",B,Satisfactorio,75,Areas,Cambios porcentuales,10,2024-2,aumenta en 100%,aumenta en 100%,aumenta en 200%,se cuadruplica,0,NULL,NULL,NULL,NULL,NULL,Geometria,100,Identifica cambio en un lado,Aplica formula del area,Calcula porcentaje de cambio,Si un lado se duplica el area se duplica (100% mas),Confundir cambio lineal con cuadratico,Razonamiento geometrico,Proporcional,Media,Diseno,Geometrico,1.2,-0.2,0.25,0.62,0.44,75,ARE01,POR02,Comprender,Opcion duplicada,Correcto,200% es triplicar,0.3,0.25,0.2,0.25,Opcion_C,0.42,Proporcionalidad de areas,Cambios dimensionales,https://youtube.com/watch?v=areas1,40,17/03/2024,21/05/2024,1,ICFES,16/05/2024,0.62,1300,0.97,0,0,Proporcional,Geometrico,Dimensional,75,13
MAT015,Matematicas,Resolucion de problemas,Numerico-variacional,Sintesis,Conceptual,3,Aplica razonamiento proporcional a situaciones nuevas,Extrapola patrones a partir de graficos,"Un estudio de mercadeo identifica el numero de unidades vendidas de un producto de una marca especifica, de acuerdo con la cantidad de marcas que compiten contra ella en una tienda y el numero de unidades vendidas sin competencia. La grafica muestra los resultados del estudio para ese producto en un mes. Suponiendo un comportamiento analogo para una tienda que vende 1.250 unidades del producto cuando este no tiene competencia en un principio, cuantas unidades se venderan aproximadamente de este producto en un mes, si compite contra 3 marcas de las que aparecen en la grafica?",B,Avanzado,90,Proporcionalidad,Extrapolacion,11,2024-2,500,625,750,875,1,/mathimg/Math_15_1_Doc1.png,NULL,NULL,NULL,NULL,Marketing,130,Identifica el patron en la grafica,Establece la proporcion,Aplica a los nuevos valores,Se debe mantener la misma proporcion de reduccion,No mantener proporcionalidad,Extrapolacion proporcional,Inductivo,Alta,Marketing,Proporcional,1.3,0.3,0.25,0.51,0.47,90,PRO02,EXT01,Crear,Reduccion excesiva,Correcto,Reduccion insuficiente,0.25,0.25,0.25,0.25,Opcion_C,0.44,Patrones proporcionales,Extrapolacion de datos,https://youtube.com/watch?v=proporcion1,55,18/03/2024,22/05/2024,1,ICFES,17/05/2024,0.51,1180,1.02,1,1,Inductivo,Proporcional,Predictivo,90,16
MAT016,Matematicas,Razonamiento y argumentacion,Aleatorio,Evaluacion,Conceptual,3,Evalua razonamientos basados en promedios,Identifica falacias en argumentos estadisticos,"Una escuela de natacion cuenta con un total de 16 estudiantes. Para las clases se usan 2 piscinas con distinta profundidad. Por seguridad, las personas con una estatura inferior a 1,80 m se envian a la piscina menos profunda, y las demas, a la mas profunda. Un dia, el director de la escuela escucha que el promedio de estatura de las 16 personas es 1,70 m e insiste en aumentar la cantidad de alumnos para que el promedio sea 1,80 m, afirmando que de esta manera se lograra igualar la cantidad de personas en las dos piscinas. Esta afirmacion es erronea, porque",D,Avanzado,95,Promedios,Falacias estadisticas,11,2024-2,el promedio no puede cambiar agregando personas,se necesitaria agregar demasiadas personas,no se conoce la distribucion actual de estudiantes,el promedio no determina la distribucion individual,0,NULL,NULL,NULL,NULL,NULL,Estadistica,140,Comprende que es un promedio,Analiza la distribucion,Identifica el error logico,El promedio no indica como se distribuyen los valores individuales,Confundir promedio con distribucion,Analisis critico,Deductivo,Alta,Educativo,Estadistico,1.4,0.5,0.25,0.47,0.49,95,PRO03,FAL01,Evaluar,Promedio si cambia,Cantidad excesiva,Distribucion desconocida,0.2,0.25,0.3,0.25,Opcion_C,0.46,Limitaciones del promedio,Distribucion vs promedio,https://youtube.com/watch?v=promedios1,60,19/03/2024,23/05/2024,1,ICFES,18/05/2024,0.47,1120,1.04,0,0,Critico,Estadistico,Evaluativo,95,17
MAT017,Matematicas,Interpretacion y representacion,Espacial-metrico,Evaluacion,Procedimental,3,Evalua procedimientos geometricos para calcular areas,Verifica la validez de calculos en figuras compuestas,Observa la figura. Para calcular el area de la figura se empleo el siguiente procedimiento: Ac = k  k = k2 As = k  / 2 / 4 / 2 = k2  / 8 Af = Ac + As Af = k2 + k2  / 8 = k2 (1 +  / 8) El anterior procedimiento es,B,Avanzado,85,Areas compuestas,Verificacion de calculos,11,2024-2,"incorrecto, porque el area del semicirculo esta mal calculada","correcto, la figura tiene area k2(1 + /8)","incorrecto, porque no se sumaron correctamente las areas","correcto, pero se puede simplificar mas",1,/mathimg/Math_17_1_Doc1.png,NULL,NULL,NULL,NULL,Geometria,125,Verifica area del cuadrado,Verifica area del semicirculo,Verifica la suma total,El calculo es correcto: cuadrado + semicirculo,Error en formula del semicirculo,Verificacion algebraica,Analitico,Alta,Matematico,Geometrico,1.3,0.2,0.25,0.53,0.46,85,ARE02,VER01,Evaluar,Error en semicirculo,Correcto,Error en suma,0.25,0.25,0.25,0.25,Opcion_A,0.43,Calculo de areas,Verificacion algebraica,https://youtube.com/watch?v=areas2,50,20/03/2024,24/05/2024,1,ICFES,19/05/2024,0.53,1210,1.01,1,1,Verificativo,Geometrico,Algebraico,85,15
MAT018,Matematicas,Razonamiento y argumentacion,Numerico-variacional,Sintesis,Conceptual,3,Resuelve sistemas de ecuaciones con multiples variables,Encuentra valores usando relaciones algebraicas,"En un juego, el animador elige tres numeros positivos, X, Z y W, y una vez elegidos debe proveerles a los participantes informacion que permita hallar los numeros, declarando ganador al jugador que primero los encuentre. En una ocasion, el animador les suministro como pistas a los participantes los valores R = XZ, S = XW y T = ZW, informacion suficiente para hallar los valores de X, Z y W. Una de las jugadoras quiere hallar X primero; la forma de hallarlo es resolviendo",D,Avanzado,100,Sistemas de ecuaciones,Manipulacion algebraica,11,2024-2,X = R/Z,X = S/W,X = (R+S)/T,X = (RS/T),0,NULL,NULL,NULL,NULL,NULL,Algebra,150,Analiza las relaciones dadas,Combina ecuaciones estrategicamente,Despeja la variable deseada,RS/T = (XZ)(XW)/(ZW) = X2; entonces X = (RS/T),No combinar ecuaciones correctamente,Manipulacion algebraica,Algebraico,Alta,Ludico,Algebraico,1.4,0.6,0.25,0.45,0.5,100,SIS01,ALG01,Crear,Division simple,Division alternativa,Suma incorrecta,0.25,0.2,0.3,0.25,Opcion_C,0.47,Sistemas no lineales,Manipulacion de ecuaciones,https://youtube.com/watch?v=sistemas1,65,21/03/2024,25/05/2024,1,ICFES,20/05/2024,0.45,1100,1.06,0,0,Algebraico,Sistematico,Resolutivo,100,18
MAT019,Matematicas,Resolucion de problemas,Numerico-variacional,Aplicacion,Procedimental,2,Modela situaciones mediante funciones lineales,Encuentra funciones que representan relaciones entre variables,"La tabla presenta la informacion sobre el gasto en publicidad y las ganancias de una empresa durante los anos 2000 a 2002. La funcion que representa la ganancia obtenida G, en millones de pesos, en funcion del gasto en publicidad p, es",B,Satisfactorio,80,Funciones lineales,Modelacion,10,2024-2,G = 2p + 20,G = 3p + 10,G = 4p,G = 2.5p + 15,0,NULL,NULL,NULL,NULL,NULL,Algebra,105,Identifica puntos de la tabla,Calcula pendiente,Encuentra intercepto,Se debe encontrar m y b en G = mp + b usando los datos,Error en calculo de pendiente,Modelacion lineal,Inductivo,Media,Empresarial,Funcional,1.2,0,0.25,0.58,0.44,80,FUN01,MOD01,Aplicar,Pendiente incorrecta,Correcto,Sin intercepto,0.25,0.25,0.25,0.25,Opcion_C,0.42,Funcion lineal,Modelacion de datos,https://youtube.com/watch?v=funciones1,45,22/03/2024,26/05/2024,1,ICFES,21/05/2024,0.58,1260,0.99,0,0,Modelador,Funcional,Lineal,80,14
MAT020,Matematicas,Razonamiento y argumentacion,Aleatorio,Sintesis,Conceptual,3,Generaliza patrones numericos mediante expresiones algebraicas,Encuentra formulas para secuencias numericas,"Los organizadores de un campeonato internacional de patinaje entregan la medalleria solo a los paises que hayan ocupado los tres primeros puestos. La tabla muestra el numero de formas posibles en que se pueden ocupar los tres primeros puestos que se premiaran, segun el numero de paises participantes. Una forma de generalizar la relacion entre los datos anteriores es",C,Avanzado,95,Permutaciones,Generalizacion,11,2024-2,n!,n3,n(n-1)(n-2),n(n-1)(n-2)/6,1,/mathimg/Math_20_1_Doc1.png,NULL,NULL,NULL,NULL,Combinatoria,145,Analiza el patron,Identifica la estructura,Generaliza la formula,Es una permutacion de n tomados de a 3: n(n-1)(n-2),Confundir con combinacion,Generalizacion inductiva,Inductivo,Alta,Deportivo,Combinatorio,1.4,0.5,0.25,0.46,0.49,95,PER01,GEN01,Crear,Factorial completo,Potencia cubica,Correcto,0.2,0.25,0.3,0.25,Opcion_D,0.46,Permutaciones,Generalizacion algebraica,https://youtube.com/watch?v=permutaciones1,60,23/03/2024,27/05/2024,1,ICFES,22/05/2024,0.46,1140,1.05,1,1,Generalizador,Combinatorio,Inductivo,95,17
MAT021,Matematicas,Resolucion de problemas,Numerico-variacional,Aplicacion,Procedimental,2,Plantea ecuaciones para resolver problemas,Modela situaciones de cambio mediante ecuaciones,"En una feria robotica, el robot P y el robot Q disputan un juego de tenis de mesa. En el momento en que el marcador se encuentra 7 a 2 a favor del robot P, estos se reprograman de tal forma que por cada 2 puntos que anota el robot P, el robot Q anota 3. Cual de las siguientes ecuaciones permite determinar cuando igualara en puntos el robot Q al robot P?",A,Satisfactorio,85,Ecuaciones,Modelacion algebraica,10,2024-2,7 + 2x = 2 + 3x,7 + 3x = 2 + 2x,2(7 + x) = 3(2 + x),7x + 2 = 2x + 3,0,/mathimg/Math_21_1_Doc1.png,NULL,NULL,NULL,NULL,Algebra,110,Define variables,Plantea la relacion,Iguala los puntajes,P tendra 7+2x y Q tendra 2+3x cuando se igualen,Invertir las razones,Planteamiento algebraico,Algebraico,Media,Tecnologico,Algebraico,1.2,0.1,0.25,0.57,0.44,85,ECU01,MOD02,Aplicar,Correcto,Razones invertidas,Planteamiento incorrecto,0.25,0.3,0.2,0.25,Opcion_B,0.42,Planteamiento de ecuaciones,Modelacion de situaciones,https://youtube.com/watch?v=ecuaciones1,45,24/03/2024,28/05/2024,1,ICFES,23/05/2024,0.57,1290,0.98,0,0,Modelador,Algebraico,Situacional,85,15
MAT022,Matematicas,Resolucion de problemas,Espacial-metrico,Aplicacion,Procedimental,3,Aplica el teorema de Pitagoras en contextos practicos,Calcula medidas en triangulos rectangulos,"Un cartabon es una plantilla que se utiliza en dibujo tecnico y que tiene forma de triangulo rectangulo escaleno, de modo que su hipotenusa mide el doble del cateto de menor longitud. Si el cateto mas largo de un cartabon mide 32 centimetros, como muestra la figura, cual de las siguientes medidas corresponde a su cateto menor?",C,Avanzado,90,Teorema de Pitagoras,Triangulos especiales,11,2024-2,16 cm,162 cm,(323)/3 cm,32/3 cm,1,/mathimg/Math_22_1_Doc1.png,NULL,NULL,NULL,NULL,Geometria,135,Plantea las relaciones,Aplica Pitagoras,Resuelve para x,Si x es el cateto menor: x2 + 322 = (2x)2; x = (323)/3,Error en manipulacion algebraica,Aplicacion de teoremas,Deductivo,Alta,Tecnico,Geometrico,1.3,0.4,0.25,0.49,0.47,90,PIT01,TRI01,Aplicar,Mitad simple,Con raiz de 2,Correcto,0.25,0.25,0.25,0.25,Opcion_A,0.44,Teorema de Pitagoras,Triangulos rectangulos,https://youtube.com/watch?v=pitagoras1,55,25/03/2024,29/05/2024,1,ICFES,24/05/2024,0.49,1170,1.03,1,1,Deductivo,Geometrico,Pitagorico,90,16
MAT023,Matematicas,Interpretacion y representacion,Aleatorio,Comprension,Conceptual,3,Comprende propiedades de medidas estadisticas,Analiza cambios en promedio y desviacion estandar,"A partir de un conjunto de numeros S, cuyo promedio es 9 y desviacion estandar 3, se construye un nuevo conjunto de numeros T, tomando cada elemento de S y sumandole 4 unidades. Si, por ejemplo, 8 es un elemento de S, entonces el numero 8 + 4 = 12 es un elemento de T. Es correcto afirmar, entonces, que para los elementos del conjunto T su promedio y su desviacion estandar son, respectivamente,",C,Avanzado,85,Estadistica,Transformaciones lineales,11,2024-2,9 y 7,13 y 7,13 y 3,9 y 3,0,/mathimg/Math_23_1_Doc1.png,NULL,NULL,NULL,NULL,Estadistica,125,Efecto en el promedio,Efecto en la desviacion,Aplica las propiedades,Sumar constante: promedio aumenta, desviacion no cambia,Pensar que desviacion tambien aumenta,Propiedades estadisticas,Deductivo,Alta,Matematico,0.25,1.3,0.3,0.25,0.46,85,EST02,TRA01,Comprender,Promedio no cambia,Desviacion aumenta,Correcto,0.2,0.3,0.25,0.25,Opcion_B,0.43,Transformaciones lineales,Invarianza de dispersion,https://youtube.com/watch?v=estadistica1,50,26/03/2024,30/05/2024,1,ICFES,NULL,0.52,1200,1.01,0,0,Conceptual,Estadistico,Transformacional,85,15
MAT024,Matematicas,Resolucion de problemas,Espacial-metrico,Aplicacion,Procedimental,2,Aplica razones trigonometricas para calcular distancias,Usa funciones trigonometricas en problemas practicos,"La linea punteada en la figura muestra un corte realizado a un triangulo. El corte es paralelo a la base y corta por la mitad a la altura que es perpendicular a la base. Para realizar el corte, se determino la altura del triangulo usando la formula sen(45) = h / 120; luego se dividio h entre dos. Realizando este procedimiento, y teniendo en cuenta que sen(45) = 2 / 2  0,71, la distancia a la que se corto la altura del triangulo fue, aproximadamente,",C,Satisfactorio,80,Trigonometria,Aplicaciones practicas,10,2024-2,$30,$36,$43,$60,0,NULL,NULL,NULL,NULL,NULL,Trigonometria,105,Calcula h usando seno,Divide h entre 2,Aproxima el resultado,h = 120  0.71 = 85.2; h/2  42.6,Error en aplicacion del seno,Aplicacion trigonometrica,Algoritmico,Media,Tecnico,Trigonometrico,1.2,0,0.25,0.6,0.43,80,TRI02,APL01,Aplicar,Division incorrecta,Aproximacion menor,Correcto,0.2,0.25,0.3,0.25,Opcion_D,0.41,Funciones trigonometricas,Calculos practicos,https://youtube.com/watch?v=trigonometria1,40,27/03/2024,31/05/2024,1,ICFES,26/05/2024,0.6,1310,0.97,0,0,Aplicativo,Trigonometrico,Practico,80,14
MAT025,Matematicas,Razonamiento y argumentacion,Numerico-variacional,Comprension,Conceptual,2,Comprende la densidad de los numeros reales,Analiza la existencia de valores entre numeros decimales,"Una prueba atletica tiene un record mundial de 10,49 segundos y un record olimpico de 10,50 segundos. Es posible que un atleta registre un tiempo, en el mismo tipo de prueba, que rompa el record olimpico pero no el mundial?",A,Satisfactorio,75,Numeros reales,Densidad,10,2024-2,"Si, cualquier tiempo entre 10,49 y 10,50 segundos","No, porque los records son indivisibles","Si, pero solo si es exactamente 10,495 segundos","No, porque el record mundial es menor",0,NULL,NULL,NULL,NULL,NULL,Numeros,100,Comprende orden en decimales,Identifica el intervalo,Aplica densidad de reales,Existen infinitos valores entre 10.49 y 10.50,No comprender densidad de reales,Razonamiento numerico,Conceptual,Media,Deportivo,Numerico,1.2,-0.2,0.25,0.63,0.44,75,NUM01,DEN01,Comprender,Correcto,Discretizacion incorrecta,Un solo valor,0.25,0.3,0.2,0.25,Opcion_B,0.42,Densidad de reales,Intervalos decimales,https://youtube.com/watch?v=densidad1,40,28/03/2024,06/01/2024,1,ICFES,27/05/2024,0.63,1350,0.96,0,0,Conceptual,Numerico,Continuo,75,13
MAT026,Matematicas,Interpretacion y representacion,Aleatorio,Analisis,Factual,2,Interpreta informacion en graficos circulares,Lee correctamente datos de diagramas estadisticos,"A continuacion se muestran los resultados de una encuesta que indago sobre el parque automotor del transporte intermunicipal en Colombia. Segun la informacion anterior, es correcto afirmar que",C,Satisfactorio,70,Graficos circulares,Interpretacion de datos,10,2024-2,la mayoria de vehiculos son buses,hay mas taxis que camionetas,los buses representan el mayor porcentaje,los microbuses son el tipo menos comun,1,/mathimg/Math_26_1_Doc1.png,NULL,NULL,NULL,NULL,Estadistica,95,Observa los sectores,Compara tamanos,Identifica el mayor,Se debe identificar el sector mas grande del grafico,Confundir sectores similares,Lectura de graficos,Visual,Media,Transporte,Grafico,1.2,-0.1,0.25,0.61,0.43,70,CIR01,INT01,Analizar,Mayoria no es buses,Comparacion incorrecta,Correcto,0.25,0.25,0.25,0.25,Opcion_A,0.41,Graficos circulares,Comparacion de sectores,https://youtube.com/watch?v=circulares1,35,29/03/2024,06/02/2024,1,ICFES,28/05/2024,0.61,1290,0.98,1,1,Visual,Estadistico,Comparativo,70,12
MAT027,Matematicas,Resolucion de problemas,Aleatorio,Aplicacion,Procedimental,2,Aplica principios de conteo y permutaciones,Calcula el numero de arreglos posibles,"El sistema de comunicaciones de un hotel utiliza los digitos 2, 3, 4 y 5 para asignar un numero de extension telefonica de 4 digitos diferentes a cada habitacion. Cuantas habitaciones del hotel pueden tener extension telefonica?",A,Satisfactorio,75,Permutaciones,Principio de conteo,10,2024-2,24,120,256,625,0,NULL,NULL,NULL,NULL,NULL,Combinatoria,100,Identifica restriccion,Aplica permutacion,Calcula 4!,4 digitos diferentes: 4321 = 24,Permitir repeticion,Conteo sistematico,Combinatorio,Media,Hotelero,Combinatorio,1.2,0,0.25,0.59,0.43,75,PER02,CON01,Aplicar,Correcto,5! erroneo,Con repeticion,0.25,0.3,0.2,0.25,Opcion_B,0.41,Permutaciones sin repeticion,Principio multiplicativo,https://youtube.com/watch?v=conteo1,40,30/03/2024,06/03/2024,1,ICFES,29/05/2024,0.59,1330,0.97,0,0,Combinatorio,Discreto,Multiplicativo,75,13
MAT028,Matematicas,Resolucion de problemas,Espacial-metrico,Aplicacion,Procedimental,2,Aplica razones trigonometricas basicas,Calcula funciones trigonometricas en triangulos rectangulos,"Para fijar un aviso publicitario se ubica sobre un muro una escalera a 12 metros del suelo (ver figura 1). Las figuras, ademas, muestran la situacion y algunas de las medidas involucradas. Cual es el coseno del angulo que forman el suelo y la escalera?",A,Satisfactorio,80,Trigonometria,Razones trigonometricas,10,2024-2,04-may,03-may,05-abr,05-mar,1,/mathimg/Math_28_1_Doc1.png,NULL,NULL,NULL,NULL,Trigonometria,105,Identifica catetos e hipotenusa,Aplica definicion de coseno,Calcula la razon,Coseno = cateto adyacente/hipotenusa = 4/5,Confundir con seno,Aplicacion directa,Algoritmico,Media,Construccion,Trigonometrico,1.2,0,0.25,0.58,0.44,80,TRI03,RAZ01,Aplicar,Correcto,Seno en vez de coseno,Razon invertida,0.25,0.3,0.2,0.25,Opcion_B,0.42,Razones trigonometricas,Triangulo rectangulo,https://youtube.com/watch?v=razones1,45,31/03/2024,06/04/2024,1,ICFES,30/05/2024,0.58,1280,0.99,1,1,Aplicativo,Trigonometrico,Directo,80,14
MAT029,Matematicas,Interpretacion y representacion,Aleatorio,Comprension,Conceptual,2,Comprende el concepto de probabilidad como razon,Interpreta probabilidades en contextos escolares,"En una institucion educativa hay dos cursos en grado undecimo. El numero de hombres y mujeres de cada curso se relaciona en la tabla: La probabilidad de escoger un estudiante de grado undecimo, de esta institucion, que sea mujer es de 3/5. Este valor corresponde a la razon entre el numero total de mujeres y",C,Satisfactorio,75,Probabilidad,Razon probabilistica,10,2024-2,el numero de hombres,el numero de estudiantes del curso A,el numero total de estudiantes,el numero de mujeres del curso B,1,/mathimg/Math_29_1_Doc1.png,NULL,NULL,NULL,NULL,Probabilidad,100,Identifica numerador,Identifica denominador,Interpreta la razon,P = mujeres totales / estudiantes totales = 3/5,Confundir denominador,Interpretacion de probabilidad,Conceptual,Media,Escolar,Probabilistico,1.2,-0.1,0.25,0.62,0.43,75,PRO01,RAZ02,Comprender,Solo hombres,Solo curso A,Correcto,0.25,0.25,0.25,0.25,Opcion_A,0.41,Concepto de probabilidad,Espacio muestral,https://youtube.com/watch?v=probabilidad1,40,04/01/2024,06/05/2024,1,ICFES,31/05/2024,0.62,1320,0.97,1,1,Conceptual,Probabilistico,Razon,75,13
MAT030,Matematicas,Razonamiento y argumentacion,Aleatorio,Analisis,Conceptual,2,Identifica eventos imposibles en probabilidad,Reconoce caracteristicas mutuamente excluyentes,"En la tabla se muestran las cartas que conforman una baraja de poquer. Si la probabilidad de escoger una de ellas que cumpla dos caracteristicas determinadas es cero, estas caracteristicas podrian ser",C,Satisfactorio,80,Probabilidad,Eventos imposibles,10,2024-2,ser roja y ser de treboles,ser rey y ser as,ser de corazones y ser negra,ser numero par y ser figura,1,/mathimg/Math_30_1_Doc1.png,NULL,NULL,NULL,NULL,Probabilidad,105,Analiza incompatibilidad,Identifica exclusion mutua,Verifica imposibilidad,Corazones es rojo, no puede ser negra,No identificar exclusion mutua,Analisis logico,Deductivo,Media,Ludico,0.25,1.2,0.1,0.25,0.44,80,PRO02,IMP01,Analizar,Treboles es negro,Rey y as distintos,Correcto,0.25,0.25,0.25,0.25,Opcion_A,0.42,Eventos mutuamente excluyentes,Probabilidad cero,https://youtube.com/watch?v=imposibles1,45,04/02/2024,06/06/2024,1,ICFES,NULL,0.57,1270,0.98,1,1,Logico,Probabilistico,NULL,80,14
MAT031,Matematicas,Resolucion de problemas,Espacial-metrico,Aplicacion,Procedimental,3,Aplica la ley de senos en poligonos regulares,Calcula medidas en figuras inscritas en circunferencias,"Un octagono regular es un poligono de ocho lados y ocho angulos internos congruentes. La figura muestra un octagono regular inscrito en una circunferencia de radio 2. Con la expresion x = 2sen45 / sen67,5 se puede calcular en el octagono de la figura, la medida del",B,Avanzado,95,Ley de senos,Poligonos regulares,11,2024-2,radio,lado,diagonal mayor,apotema,1,/mathimg/Math_31_1_Doc1.png,NULL,NULL,NULL,NULL,Geometria,145,Identifica triangulos,Aplica ley de senos,Interpreta resultado,La ley de senos relaciona lados con angulos opuestos,Confundir elementos del poligono,Aplicacion de teoremas,Deductivo,Alta,Matematico,Geometrico,1.4,0.5,0.25,0.47,0.49,95,LEY01,POL01,Aplicar,Radio dado,Correcto,Diagonal diferente,0.25,0.25,0.25,0.25,Opcion_C,0.46,Ley de senos,Poligonos inscritos,https://youtube.com/watch?v=leysenos1,60,04/03/2024,06/07/2024,1,ICFES,06/02/2024,0.47,1150,1.04,1,1,Deductivo,Geometrico,Trigonometrico,95,17
MAT032,Matematicas,Interpretacion y representacion,Espacial-metrico,Sintesis,Conceptual,3,Identifica propiedades de simetria en el plano cartesiano,Encuentra coordenadas usando propiedades geometricas,"Un trapecio isosceles es un cuadrilatero que tiene un par de lados paralelos y los otros dos de igual medida. En un plano cartesiano se dibuja un trapecio isosceles de modo que el eje Y divide al trapecio en dos figuras iguales. Si las coordenadas de dos de los vertices del trapecio son (-4, 2) y (-2, 8), cuales son las coordenadas de los otros dos vertices?",D,Avanzado,90,Simetria,Coordenadas cartesianas,11,2024-2,"(2, 2) y (4, 8)","(2, 8) y (4, 2)","(4, 8) y (2, 2)","(4, 2) y (2, 8)",0,NULL,/mathimg/Math_32_R_A_Doc1.png,/mathimg/Math_32_R_B_Doc1.png,/mathimg/Math_32_R_C_Doc1.png,/mathimg/Math_32_R_D_Doc1.png,Geometria analitica,135,Aplica simetria respecto a Y,Mantiene alturas,Verifica isosceles,Simetria respecto a Y: (x,y)  (-x,y),Error en aplicar simetria,Simetria axial,Espacial,Alta,1.17826087,0.25,1.3,0.4,0.25,90,SIM01,COO01,Crear,Simetria incorrecta,Intercambio de y,Orden invertido,0.25,0.25,0.25,0.25,Opcion_B,0.44,Simetria axial,Trapecio isosceles,https://youtube.com/watch?v=simetria1,55,04/04/2024,06/08/2024,1,ICFES,NULL,0.48,1180,1.02,0,0,Espacial,Simetrico,Cartesiano,90,16
MAT033,Matematicas,Interpretacion y representacion,Aleatorio,Aplicacion,Procedimental,2,Organiza informacion en tablas de doble entrada,Construye tablas a partir de porcentajes dados,"En una fabrica se aplica una encuesta a los empleados para saber el medio de transporte que usan para llegar al trabajo, y luego decidir si se implementa un servicio de ruta. Los resultados mostraron, entre otras, estas tres conclusiones sobre un grupo de 100 empleados que viven cerca de la fabrica y que se desplazan unicamente en bus o a pie: * El 60 % del grupo son mujeres. * El 20 % de las mujeres se desplazan en bus. * El 40 % de los hombres se desplazan caminando. Cual de las siguientes tablas representa correctamente la informacion obtenida de ese grupo?",B,Satisfactorio,85,Tablas de contingencia,Organizacion de datos,10,2024-2,Tabla A,Tabla B,Tabla C,Tabla D,0,NULL,NULL,NULL,NULL,NULL,Estadistica,110,Calcula totales por genero,Aplica porcentajes,Verifica consistencia,60 mujeres (12 bus, 48 pie), 40 hombres (24 bus, 16 pie),Error en aplicacion de porcentajes,Construccion de tablas,Algoritmico,1.17826087,0.241489362,0.25,1.2,0.44,85,TAB02,POR03,Aplicar,Porcentajes mal aplicados,Correcto,Totales incorrectos,0.3,0.2,0.25,0.25,Opcion_A,0.42,Tablas de doble entrada,Porcentajes condicionales,https://youtube.com/watch?v=tablas2,50,04/05/2024,06/09/2024,1,ICFES,NULL,0.56,1260,0.99,0,0,Organizativo,Tabular,Estadistico,85,15
MAT034,Matematicas,Razonamiento y argumentacion,Numerico-variacional,Evaluacion,Conceptual,3,Analiza sistemas de amortizacion de creditos,Evalua afirmaciones sobre pagos de prestamos,"Para adquirir un credito por $6.000.000, Angela solicita en una entidad financiera informacion sobre las modalidades de pago para credito. Un asesor le da la siguiente informacion. En cualquier modalidad, el saldo del credito cada mes sera igual a la diferencia entre el saldo del credito del mes anterior y el abono al credito realizado en el mes. Despues de analizar la informacion, Angela afirma: 'Con la modalidad I, el valor de la cuota disminuira $50.000 en cada mes'. La afirmacion es correcta porque",B,Avanzado,100,Amortizacion,Sistemas de credito,11,2024-2,el interes disminuye mensualmente,el abono a capital es constante y el interes disminuye,la cuota total es decreciente,el saldo disminuye linealmente,1,/mathimg/Math_34_1_Doc1.png,NULL,NULL,NULL,NULL,Finanzas,150,Analiza estructura de cuota,Identifica componentes,Evalua el cambio mensual,Cuota = abono constante + interes decreciente,No comprender estructura de cuota,Analisis financiero,Deductivo,Alta,Bancario,Financiero,1.4,0.6,0.25,0.45,0.5,100,CRE01,AMO01,Evaluar,Solo interes,Correcto,Cuota decreciente generico,0.25,0.25,0.25,0.25,Opcion_C,0.47,Sistemas de amortizacion,Cuotas decrecientes,https://youtube.com/watch?v=creditos1,65,04/06/2024,06/10/2024,1,ICFES,06/05/2024,0.45,1090,1.06,1,1,Evaluativo,Financiero,Analitico,100,18
MAT035,Matematicas,Resolucion de problemas,Numerico-variacional,Analisis,Procedimental,2,Calcula intereses en sistemas de credito,Determina costos totales en prestamos,"El interes total de un credito es la cantidad de dinero que se paga adicional al valor de este. Cual(es) de los siguientes procesos podria utilizar la entidad para calcular el interes total del credito de Angela, si se pagara con la modalidad II? Proceso 1. Calcular el 20 % de $6.000.000. Proceso 2. Calcular el 20 % de $6.000.000 y multiplicarlo por 12. Proceso 3. Calcular el valor de la cuota, multiplicarlo por 12 y al resultado restarle $6.000.000.",D,Satisfactorio,80,Interes de creditos,Calculo de costos,10,2024-2,Solo el proceso 1,Solo el proceso 2,Solo el proceso 3,Los procesos 2 y 3,0,NULL,NULL,NULL,NULL,NULL,Finanzas,105,Comprende interes fijo,Calcula interes mensual,Verifica metodos equivalentes,Ambos metodos dan el interes total correcto,Confundir interes simple y compuesto,Analisis de metodos,Analitico,Media,Bancario,Financiero,1.2,0,0.25,0.58,0.44,80,INT01,CAL01,Analizar,Solo uno valido,Proceso 2 unico,Proceso 3 unico,0.25,0.25,0.25,0.25,Opcion_B,0.42,Calculo de intereses,Metodos equivalentes,https://youtube.com/watch?v=interes1,45,04/07/2024,06/11/2024,1,ICFES,06/06/2024,0.58,1300,0.98,0,0,Analitico,Financiero,Metodologico,80,14
MAT036,Matematicas,Interpretacion y representacion,Espacial-metrico,Comprension,Conceptual,2,Identifica configuraciones geometricas posibles,Reconoce figuras formadas por puntos en una circunferencia,"Sobre una circunferencia de centro O se localizan dos puntos P y P' diferentes. De las siguientes, cual figura NO puede resultar al unir entre si los tres puntos P, P' y O?",B,Satisfactorio,75,Configuraciones geometricas,Triangulos en circunferencia,10,2024-2,Triangulo isosceles,Triangulo equilatero,Triangulo rectangulo,Triangulo escaleno,1,/mathimg/Math_36_1_Doc1.png,NULL,NULL,NULL,NULL,Geometria,100,Analiza distancias,Verifica posibilidades,Identifica imposibilidad,OP = OP' = radio, no pueden ser todos iguales,No considerar restriccion del radio,Analisis geometrico,Deductivo,Media,Matematico,0.25,1.2,-0.2,0.25,0.62,75,TRI04,CIR02,Comprender,Isosceles es posible,Correcto,Rectangulo posible,0.25,0.25,0.25,0.25,Opcion_C,0.42,Propiedades del circulo,Tipos de triangulos,https://youtube.com/watch?v=circulos1,40,04/08/2024,06/12/2024,1,ICFES,NULL,0.62,1340,0.97,1,1,Deductivo,Geometrico,Geometrico,60,13
MAT037,Matematicas,Interpretacion y representacion,Aleatorio,Aplicacion,Procedimental,3,Interpreta margenes de error en muestras estadisticas,Calcula intervalos de confianza en control de calidad,"Una fabrica de lapices que realiza el control de calidad de sus productos selecciona una muestra de 100 lapices. En la siguiente tabla se registra la longitud de estos: Con base en la informacion presentada en la anterior tabla y teniendo en cuenta que el margen de error del control de calidad es del 3 %, el porcentaje correspondiente a los lapices producidos que miden 150 mm esta entre",B,Avanzado,90,Intervalos de confianza,Control de calidad,11,2024-2,17% y 23%,22% y 28%,25% y 31%,27% y 33%,0,NULL,NULL,NULL,NULL,NULL,Estadistica,130,Identifica porcentaje base,Aplica margen de error,Calcula intervalo,25%  3% = [22%, 28%],Error en aplicacion del margen,Intervalos estadisticos,Algoritmico,Alta,Industrial,0.25,1.3,0.3,0.25,0.51,90,INT02,CAL02,Aplicar,Margen muy amplio,Correcto,Centrado incorrecto,0.25,0.25,0.25,0.25,Opcion_C,0.44,Margenes de error,Intervalos de confianza,https://youtube.com/watch?v=intervalos1,55,04/09/2024,13/06/2024,1,ICFES,NULL,0.51,1190,1.02,0,0,Aplicativo,Estadistico,Estadistico,60,16
MAT038,Matematicas,Razonamiento y argumentacion,Aleatorio,Evaluacion,Conceptual,3,Evalua conclusiones basadas en datos graficos,Identifica errores en interpretaciones de graficos,"En la grafica se muestran los resultados de cinco jugadores de tenis. En Australia y Estados Unidos se juega en cancha dura, el Roland Garros en arcilla y el Wimbledon, en cesped. Cada uno de ellos se juega una vez al ano y otorga 2.000 puntos al vencedor, mientras que otros torneos solo entregan maximo 1.000 puntos al vencedor. Se quiere saber cual de los jugadores que aparecen en la grafica consiguio un mayor porcentaje de victorias en las finales del Grand Slam y se concluyo que fue el jugador C. Esta conclusion es incorrecta porque",C,Avanzado,95,Interpretacion de graficos,Analisis critico,11,2024-2,el jugador C no jugo todos los Grand Slam,los datos no muestran finales jugadas,no se puede calcular porcentajes sin conocer el total de finales,el jugador D tiene mas titulos,1,/mathimg/Math_38_1_Doc1.png,NULL,NULL,NULL,NULL,Estadistica,145,Analiza informacion disponible,Identifica informacion faltante,Evalua validez de conclusion,No se muestra cuantas finales jugo cada uno,Asumir que titulos = porcentaje,Analisis critico,Evaluativo,Alta,Deportivo,Estadistico,1.4,0.5,0.25,0.46,0.49,95,GRA02,CRI01,Evaluar,Jugador C ausente,Datos insuficientes,Correcto,0.2,0.25,0.3,0.25,Opcion_D,0.46,Limitaciones de datos,Porcentajes vs totales,https://youtube.com/watch?v=critico1,60,04/10/2024,14/06/2024,1,ICFES,06/09/2024,0.46,1130,1.05,1,1,Critico,Estadistico,Evaluativo,95,17
MAT039,Matematicas,Interpretacion y representacion,Aleatorio,Aplicacion,Procedimental,2,Calcula promedios a partir de datos en graficos,Determina medidas de tendencia central,"Considerando solamente los torneos jugados en cancha dura, cual es el promedio de torneos ganados por los cinco jugadores?",B,Satisfactorio,70,Promedios,Calculo desde graficos,10,2024-2,4,5,6,7,0,NULL,NULL,NULL,NULL,NULL,Estadistica,95,Identifica datos relevantes,Suma los valores,Divide entre 5,Suma torneos cancha dura  5 jugadores,Error en identificacion de datos,Calculo de promedios,Algoritmico,Media,Deportivo,Estadistico,1.2,-0.1,0.25,0.6,0.43,70,PRO04,CAL03,Aplicar,Promedio bajo,Correcto,Promedio alto,0.25,0.25,0.25,0.25,Opcion_C,0.41,Media aritmetica,Lectura de datos,https://youtube.com/watch?v=media1,35,04/11/2024,15/06/2024,1,ICFES,06/10/2024,0.6,1310,0.97,0,0,Calculativo,Estadistico,Aritmetico,70,12
MAT040,Matematicas,Razonamiento y argumentacion,Numerico-variacional,Comprension,Conceptual,4,Comprende la densidad de los numeros racionales,Analiza propiedades de conjuntos numericos infinitos,La expresion k + (1/j) relaciona la sonoridad de un sonido de 30 decibeles con su intensidad (I) y la menor intensidad (Io) que percibe el oido humano. Cuantos numeros racionales se pueden construir cercanos a k y menores que k + (1/11)?,B,Superior,110,Numeros racionales,Densidad infinita,11,2024-2,10,Infinitos,100,11,0,NULL,NULL,NULL,NULL,NULL,Numeros,170,Comprende densidad,Analiza el intervalo,Aplica infinitud,Entre dos racionales hay infinitos racionales,No comprender densidad de Q,Razonamiento abstracto,Conceptual,Muy alta,Matematico,Numerico,1.5,0.7,0.25,0.42,0.52,110,DEN02,INF01,Comprender,Finito pequeno,Correcto,Finito grande,0.25,0.2,0.3,0.25,Opcion_A,0.49,Densidad de racionales,Infinitud entre numeros,https://youtube.com/watch?v=racionales1,70,04/12/2024,16/06/2024,1,ICFES,06/11/2024,0.42,1060,1.08,0,0,Abstracto,Numerico,Infinito,110,20
MAT041,Matematicas,Resolucion de problemas,Espacial-metrico,Aplicacion,Procedimental,2,Convierte unidades y aplica notacion cientifica,Realiza conversiones de escala usando potencias de 10,"En la figura se representa una cancha de futbol con las medidas de sus lados. Un arquitecto realiza una maqueta del diseno de la cancha, con medida de los lados cien veces menor que las medidas originales. El diseno de la maqueta medira",A,Satisfactorio,75,Escalas,Conversion de unidades,10,2024-2,1.05 m  0.68 m,10.5 cm  6.8 cm,10.5 m  6.8 m,1.05 m  0.68 m,1,/mathimg/Math_41_1_Doc1.png,/mathimg/Math_41_R_A_Doc1.png,/mathimg/Math_41_R_B_Doc1.png,/mathimg/Math_41_R_C_Doc1.png,/mathimg/Math_41_R_D_Doc1.png,Geometria,100,Divide entre 100,Convierte unidades,Verifica resultado,105 m  100 = 1.05 m; 68 m  100 = 0.68 m,Error en conversion de unidades,Conversion de escalas,Algoritmico,Media,Arquitectonico,Metrico,1.2,0,0.25,0.59,0.44,75,ESC01,CON02,Aplicar,Correcto,Unidades incorrectas,Sin conversion,0.25,0.3,0.2,0.25,Opcion_B,0.42,Escalas,Conversion metrica,https://youtube.com/watch?v=escalas1,40,13/04/2024,17/06/2024,1,ICFES,06/12/2024,0.59,1290,0.98,1,1,Aplicativo,Metrico,Escalar,75,13
MAT042,Matematicas,Interpretacion y representacion,Numerico-variacional,Analisis,Conceptual,3,Relaciona expresiones algebraicas con sus graficas,Identifica graficas de funciones racionales,"El area de los rectangulos que se pueden construir a partir del origen, los ejes y un punto que pertenece a la grafica de la funcion f(x) = 5/x, donde x > 0, se describe con la expresion Ax = xf(x). Cual de las siguientes graficas corresponde a f(x) = 5/x?",C,Avanzado,90,Funciones racionales,Identificacion de graficas,11,2024-2,Grafica A,Grafica B,Grafica C,Grafica D,1,/mathimg/Math_42_1_Doc1.png,/mathimg/Math_42_R_A_Doc1.png,/mathimg/Math_42_R_B_Doc1.png,/mathimg/Math_42_R_C_Doc1.png,/mathimg/Math_42_R_D_Doc1.png,Funciones,135,Identifica hiperbola,Verifica asintotas,Confirma comportamiento,Hiperbola en primer cuadrante con asintotas en ejes,Confundir tipo de funcion,Identificacion visual,Visual,Alta,Matematico,Funcional,1.3,0.4,0.25,0.5,0.47,90,FUN02,GRA03,Analizar,Funcion diferente,Orientacion incorrecta,Correcto,0.25,0.25,0.25,0.25,Opcion_A,0.44,Funciones racionales,Hiperbolas,https://youtube.com/watch?v=racionales1,55,14/04/2024,18/06/2024,1,ICFES,13/06/2024,0.5,1160,1.03,1,1,Visual,Funcional,Grafico,90,16
MAT043,Matematicas,Resolucion de problemas,Numerico-variacional,Aplicacion,Procedimental,2,Comprende politicas publicas de vivienda,Identifica procedimientos para calcular creditos de vivienda,"El subsidio familiar de vivienda (SFV) es un aporte que entrega el Estado y que constituye un complemento del ahorro, para facilitarle la adquisicion, construccion o mejoramiento de una solucion de vivienda de interes social al ciudadano. A continuacion, se presenta la tabla de ingresos en salarios minimos mensuales legales vigentes (SMMLV) y el subsidio al que tiene derecho, para cierto ano. Con el SFV mas los ahorros con los que cuente el grupo familiar y el credito que obtenga de una entidad financiera, se puede comprar la vivienda. Por tanto, el procedimiento correcto para estimar el valor del credito que debe solicitarse al banco es:",B,Satisfactorio,80,Credito de vivienda,Calculo de financiamiento,10,2024-2,Precio vivienda - SFV,Precio vivienda - SFV - Ahorros,SFV + Ahorros - Precio vivienda,Precio vivienda + SFV - Ahorros,1,/mathimg/Math_43_1_Doc1.png,NULL,NULL,NULL,NULL,Finanzas,105,Identifica componentes,Plantea la ecuacion,Despeja credito,Credito = Precio - SFV - Ahorros,Error en planteamiento,Modelacion financiera,Algebraico,Media,Social,Financiero,1.2,0,0.25,0.58,0.44,80,VIV01,CRE02,Aplicar,Olvida ahorros,Correcto,Resta incorrecta,0.25,0.25,0.25,0.25,Opcion_A,0.42,Financiamiento de vivienda,Subsidios estatales,https://youtube.com/watch?v=vivienda1,45,15/04/2024,19/06/2024,1,ICFES,14/06/2024,0.58,1320,0.97,1,1,Aplicativo,Financiero,Social,80,14
MAT044,Matematicas,Interpretacion y representacion,Aleatorio,Evaluacion,Conceptual,3,Identifica inconsistencias entre tablas y graficos,Detecta errores en representaciones graficas de datos,Una persona que observa la informacion de la tabla elabora la grafica que se presenta a continuacion. La grafica presenta una inconsistencia porque,B,Avanzado,85,Consistencia de datos,Verificacion grafica,11,2024-2,los valores no estan en la misma escala,no respeta las proporciones de los datos,faltan categorias de la tabla,el tipo de grafico no es apropiado,1,/mathimg/Math_44_1_Doc1.png,NULL,NULL,NULL,NULL,Estadistica,125,Compara tabla y grafico,Verifica proporciones,Identifica discrepancia,Las barras no mantienen proporciones correctas,No verificar proporcionalidad,Analisis comparativo,Evaluativo,Alta,Analitico,Estadistico,1.3,0.2,0.25,0.53,0.46,85,CON03,VER02,Evaluar,Escala uniforme,Correcto,Categorias completas,0.25,0.25,0.25,0.25,Opcion_C,0.43,Consistencia de datos,Proporcionalidad grafica,https://youtube.com/watch?v=consistencia1,50,16/04/2024,20/06/2024,1,ICFES,15/06/2024,0.53,1200,1.01,1,1,Comparativo,Estadistico,Verificativo,85,15
MAT045,Matematicas,Interpretacion y representacion,Numerico-variacional,Comprension,Procedimental,2,Calcula razones entre valores de subsidios,Compara proporciones en tablas de datos,Una familia con ingresos entre 0 y 1 SMMLV recibe un subsidio equivalente a,C,Satisfactorio,70,Subsidios,Interpretacion de tablas,10,2024-2,10 SMMLV,15 SMMLV,20 SMMLV,22 SMMLV,0,NULL,NULL,NULL,NULL,NULL,Finanzas,95,Lee la tabla,Identifica el rango,Encuentra el valor,Segun tabla: 0-1 SMMLV  20 SMMLV de subsidio,Leer fila incorrecta,Lectura de tablas,Directo,Media,Social,Financiero,1.2,-0.1,0.25,0.61,0.43,70,SUB01,TAB03,Comprender,Valor menor,Valor intermedio,Correcto,0.25,0.25,0.25,0.25,Opcion_A,0.41,Interpretacion de tablas,Subsidios por ingreso,https://youtube.com/watch?v=subsidios1,35,17/04/2024,21/06/2024,1,ICFES,16/06/2024,0.61,1280,0.98,0,0,Interpretativo,Tabular,Social,70,12
MAT046,Matematicas,Resolucion de problemas,Aleatorio,Aplicacion,Procedimental,2,Aplica combinatoria para formar grupos,Calcula combinaciones con restricciones,Un colegio necesita enviar 5 estudiantes como representantes a un foro sobre la contaminacion del medio ambiente. Se decidio que 2 estudiantes sean de grado decimo y 3 de grado undecimo. En decimo hay 5 estudiantes preparados para el foro y en undecimo hay 4. Cuantos grupos diferentes pueden formarse para enviar al foro?,D,Satisfactorio,85,Combinaciones,Seleccion con restricciones,10,2024-2,20,30,35,40,0,NULL,NULL,NULL,NULL,NULL,Combinatoria,110,Calcula C(5,2),Calcula C(4,3),Multiplica resultados,C(5,2)  C(4,3) = 10  4 = 40,Error en formula de combinacion,Principio multiplicativo,1.17826087,0.241489362,0.261458333,0.25,0.44,85,COM01,SEL01,Aplicar,Suma en vez de multiplicar,Calculo parcial,Error en combinacion,0.25,0.25,0.25,0.25,Opcion_B,0.42,Combinaciones,Principio multiplicativo,https://youtube.com/watch?v=combinaciones1,19/02/1900,18/04/2024,NULL,1,ICFES,NULL,0.56,1270,0.99,0,0,Combinatorio,Discreto,Selectivo,85,15
MAT047,Matematicas,Razonamiento y argumentacion,Aleatorio,Evaluacion,Conceptual,3,Analiza probabilidades condicionales,Compara probabilidades en eventos dependientes,"Entre los 16 estudiantes de un salon de clases se va a rifar una boleta para ingresar a un parque de diversiones. Cada estudiante debe escoger un numero del 3 al 18. El sorteo se efectua de la siguiente manera: se depositan 6 balotas en una urna, cada una numerada del 1 al 6; se extrae una balota, se mira el numero y se vuelve a depositar en la urna. El experimento se repite dos veces mas. La suma de los tres puntajes obtenidos determina el numero ganador de la rifa. Si en la primera extraccion del sorteo se obtuvo 2, es mas probable que el estudiante que escogio el numero 10 gane la rifa a que la gane el estudiante con el numero 7, porque",B,Avanzado,100,Probabilidad condicional,Comparacion de probabilidades,11,2024-2,10 esta mas cerca del valor esperado,hay mas formas de obtener 8 adicionales que 5,la probabilidad de 10 es mayor que la de 7,quedan mas numeros altos en la urna,0,NULL,NULL,NULL,NULL,NULL,Probabilidad,150,Analiza sumas restantes,Cuenta combinaciones,Compara probabilidades,Para sumar 10 necesita 8 mas; para 7 necesita 5 mas,No considerar todas las combinaciones,Analisis probabilistico,Probabilistico,Alta,Ludico,Probabilistico,1.4,0.6,0.25,0.44,0.5,100,PRO03,CON04,Evaluar,Valor esperado,Correcto,Mayor probabilidad generico,0.25,0.25,0.25,0.25,Opcion_C,0.47,Probabilidad condicional,Conteo de casos,https://youtube.com/watch?v=condicional1,65,19/04/2024,23/06/2024,1,ICFES,18/06/2024,0.44,1110,1.06,0,0,Probabilistico,Condicional,Comparativo,100,18
MAT048,Matematicas,Interpretacion y representacion,Numerico-variacional,Comprension,Conceptual,2,Interpreta notacion exponencial en contextos cientificos,Relaciona expresiones exponenciales con magnitudes,La expresion 103 = I / Io relaciona la sonoridad de un sonido de 30 decibeles con su intensidad (I) y la menor intensidad (Io) que percibe el oido humano. Cuantas veces es el valor de I respecto a Io?,D,Satisfactorio,75,Notacion exponencial,Interpretacion fisica,10,2024-2,10,30,100,1000,0,NULL,NULL,NULL,NULL,NULL,Fisica,100,Interpreta la ecuacion,Despeja I,Evalua 103,I = 103  Io = 1000  Io,Confundir exponente con resultado,Interpretacion exponencial,Algebraico,Media,Cientifico,Exponencial,1.2,-0.2,0.25,0.62,0.44,75,EXP01,FIS01,Comprender,Base sin exponente,Decibeles,100 = 102,0.2,0.25,0.3,0.25,Opcion_C,0.42,Notacion exponencial,Magnitudes fisicas,https://youtube.com/watch?v=exponencial1,40,20/04/2024,24/06/2024,1,ICFES,19/06/2024,0.62,1330,0.97,0,0,Interpretativo,Exponencial,Fisico,75,13
MAT049,Matematicas,Resolucion de problemas,Numerico-variacional,Sintesis,Conceptual,3,Modela crecimiento exponencial,Construye expresiones para valorizacion compuesta,"En determinada zona de una ciudad se construyen edificios de apartamentos en los que cada metro cuadrado tiene un costo de $800.000, y se asegura a los compradores que en esta zona anualmente, el metro cuadrado se valoriza un 5 % respecto al costo del ano anterior. Con cual de las siguientes expresiones se representa el costo de un metro cuadrado en esa zona, transcurridos n anos?",D,Avanzado,95,Crecimiento exponencial,Valorizacion compuesta,11,2024-2,800.000 + 0.05n,800.000(1 + 0.05n),800.000  1.05n,800.000  (1.05)^n,0,NULL,NULL,NULL,NULL,NULL,Economia,145,Identifica crecimiento compuesto,Plantea factor de crecimiento,Generaliza para n anos,Crecimiento compuesto: V = V0(1 + r)^n,Confundir con crecimiento lineal,Modelacion exponencial,Inductivo,Alta,Inmobiliario,Exponencial,1.4,0.5,0.25,0.47,0.49,95,EXP02,VAL01,Crear,Crecimiento lineal aditivo,Crecimiento lineal multiplicativo,Sin exponente,0.2,0.25,0.3,0.25,Opcion_C,0.46,Interes compuesto,Valorizacion inmobiliaria,https://youtube.com/watch?v=compuesto1,60,21/04/2024,25/06/2024,1,ICFES,20/06/2024,0.47,1150,1.04,0,0,Modelador,Exponencial,Economico,95,17
